collection_date,collection_timestamp,day_of_week,time_slot,direction,residential_area,it_hub,origin,destination,distance_km,duration_minutes,static_duration_minutes,status
2026-07-28,2026-07-28 08:01:37,Tuesday,morning_peak,home_to_office,"JP Nagar, Bengaluru","Manyata Tech Park, Bengaluru","JP Nagar, Bengaluru","Manyata Tech Park, Bengaluru",21.27,65.23,58.83,success
2026-07-28,2026-07-28 08:01:37,Tuesday,morning_peak,home_to_office,"JP Nagar, Bengaluru","Electronic City, Bengaluru","JP Nagar, Bengaluru","Electronic City, Bengaluru",16.58,26.77,29.75,success
2026-07-28,2026-07-28 08:01:37,Tuesday,morning_peak,home_to_office,"JP Nagar, Bengaluru","International Tech Park Bangalore, Bengaluru","JP Nagar, Bengaluru","International Tech Park Bangalore, Bengaluru",24.21,96.77,55.3,success
2026-07-28,2026-07-28 08:01:37,Tuesday,morning_peak,home_to_office,"JP Nagar, Bengaluru","Bagmane Tech Park, Bengaluru","JP Nagar, Bengaluru","Bagmane Tech Park, Bengaluru",16.17,67.35,53.92,success
2026-07-28,2026-07-28 08:01:37,Tuesday,morning_peak,home_to_office,"JP Nagar, Bengaluru","RMZ Ecoworld, Bengaluru","JP Nagar, Bengaluru","RMZ Ecoworld, Bengaluru",14.56,58.7,31.23,success
2026-07-28,2026-07-28 08:01:38,Tuesday,morning_peak,home_to_office,"JP Nagar, Bengaluru","Embassy TechVillage, Bengaluru","JP Nagar, Bengaluru","Embassy TechVillage, Bengaluru",15.9,62.75,33.2,success
2026-07-28,2026-07-28 08:01:38,Tuesday,morning_peak,home_to_office,"JP Nagar, Bengaluru","Global Village Tech Park, Bengaluru","JP Nagar, Bengaluru","Global Village Tech Park, Bengaluru",12.4,39.73,38.45,success
2026-07-28,2026-07-28 08:01:38,Tuesday,morning_peak,home_to_office,"JP Nagar, Bengaluru","Prestige Tech Park, Bengaluru","JP Nagar, Bengaluru","Prestige Tech Park, Bengaluru",15.0,59.25,32.37,success
2026-07-28,2026-07-28 08:01:38,Tuesday,morning_peak,home_to_office,"JP Nagar, Bengaluru","Embassy GolfLinks Business Park, Bengaluru","JP Nagar, Bengaluru","Embassy GolfLinks Business Park, Bengaluru",13.68,49.93,40.78,success
2026-07-28,2026-07-28 08:01:39,Tuesday,morning_peak,home_to_office,"JP Nagar, Bengaluru","Cessna Business Park, Bengaluru","JP Nagar, Bengaluru","Cessna Business Park, Bengaluru",15.36,60.27,31.33,success
2026-07-28,2026-07-28 08:01:39,Tuesday,morning_peak,home_to_office,"Jayanagar, Bengaluru","Manyata Tech Park, Bengaluru","Jayanagar, Bengaluru","Manyata Tech Park, Bengaluru",18.17,52.1,48.17,success
2026-07-28,2026-07-28 08:01:39,Tuesday,morning_peak,home_to_office,"Jayanagar, Bengaluru","Electronic City, Bengaluru","Jayanagar, Bengaluru","Electronic City, Bengaluru",16.7,28.4,30.6,success
2026-07-28,2026-07-28 08:01:39,Tuesday,morning_peak,home_to_office,"Jayanagar, Bengaluru","International Tech Park Bangalore, Bengaluru","Jayanagar, Bengaluru","International Tech Park Bangalore, Bengaluru",22.36,98.97,66.1,success
2026-07-28,2026-07-28 08:01:39,Tuesday,morning_peak,home_to_office,"Jayanagar, Bengaluru","Bagmane Tech Park, Bengaluru","Jayanagar, Bengaluru","Bagmane Tech Park, Bengaluru",13.23,56.25,43.07,success
2026-07-28,2026-07-28 08:01:39,Tuesday,morning_peak,home_to_office,"Jayanagar, Bengaluru","RMZ Ecoworld, Bengaluru","Jayanagar, Bengaluru","RMZ Ecoworld, Bengaluru",14.69,60.77,32.08,success
2026-07-28,2026-07-28 08:01:39,Tuesday,morning_peak,home_to_office,"Jayanagar, Bengaluru","Embassy TechVillage, Bengaluru","Jayanagar, Bengaluru","Embassy TechVillage, Bengaluru",16.02,64.83,34.03,success
2026-07-28,2026-07-28 08:01:39,Tuesday,morning_peak,home_to_office,"Jayanagar, Bengaluru","Global Village Tech Park, Bengaluru","Jayanagar, Bengaluru","Global Village Tech Park, Bengaluru",14.12,39.3,40.85,success
2026-07-28,2026-07-28 08:01:40,Tuesday,morning_peak,home_to_office,"Jayanagar, Bengaluru","Prestige Tech Park, Bengaluru","Jayanagar, Bengaluru","Prestige Tech Park, Bengaluru",15.13,61.2,33.22,success
2026-07-28,2026-07-28 08:01:40,Tuesday,morning_peak,home_to_office,"Jayanagar, Bengaluru","Embassy GolfLinks Business Park, Bengaluru","Jayanagar, Bengaluru","Embassy GolfLinks Business Park, Bengaluru",11.79,43.2,35.02,success
2026-07-28,2026-07-28 08:01:40,Tuesday,morning_peak,home_to_office,"Jayanagar, Bengaluru","Cessna Business Park, Bengaluru","Jayanagar, Bengaluru","Cessna Business Park, Bengaluru",15.49,62.33,32.17,success
2026-07-28,2026-07-28 08:01:40,Tuesday,morning_peak,home_to_office,"Banashankari, Bengaluru","Manyata Tech Park, Bengaluru","Banashankari, Bengaluru","Manyata Tech Park, Bengaluru",20.29,53.42,53.0,success
2026-07-28,2026-07-28 08:01:40,Tuesday,morning_peak,home_to_office,"Banashankari, Bengaluru","Electronic City, Bengaluru","Banashankari, Bengaluru","Electronic City, Bengaluru",20.58,42.62,43.32,success
2026-07-28,2026-07-28 08:01:40,Tuesday,morning_peak,home_to_office,"Banashankari, Bengaluru","International Tech Park Bangalore, Bengaluru","Banashankari, Bengaluru","International Tech Park Bangalore, Bengaluru",25.77,113.67,78.65,success
2026-07-28,2026-07-28 08:01:40,Tuesday,morning_peak,home_to_office,"Banashankari, Bengaluru","Bagmane Tech Park, Bengaluru","Banashankari, Bengaluru","Bagmane Tech Park, Bengaluru",16.64,69.05,55.6,success
2026-07-28,2026-07-28 08:01:40,Tuesday,morning_peak,home_to_office,"Banashankari, Bengaluru","RMZ Ecoworld, Bengaluru","Banashankari, Bengaluru","RMZ Ecoworld, Bengaluru",18.56,78.05,44.8,success
2026-07-28,2026-07-28 08:01:41,Tuesday,morning_peak,home_to_office,"Banashankari, Bengaluru","Embassy TechVillage, Bengaluru","Banashankari, Bengaluru","Embassy TechVillage, Bengaluru",19.9,81.9,46.75,success
2026-07-28,2026-07-28 08:01:41,Tuesday,morning_peak,home_to_office,"Banashankari, Bengaluru","Global Village Tech Park, Bengaluru","Banashankari, Bengaluru","Global Village Tech Park, Bengaluru",9.6,25.48,26.03,success
2026-07-28,2026-07-28 08:01:41,Tuesday,morning_peak,home_to_office,"Banashankari, Bengaluru","Prestige Tech Park, Bengaluru","Banashankari, Bengaluru","Prestige Tech Park, Bengaluru",19.0,77.75,45.93,success
2026-07-28,2026-07-28 08:01:41,Tuesday,morning_peak,home_to_office,"Banashankari, Bengaluru","Embassy GolfLinks Business Park, Bengaluru","Banashankari, Bengaluru","Embassy GolfLinks Business Park, Bengaluru",16.0,60.12,49.33,success
2026-07-28,2026-07-28 08:01:41,Tuesday,morning_peak,home_to_office,"Banashankari, Bengaluru","Cessna Business Park, Bengaluru","Banashankari, Bengaluru","Cessna Business Park, Bengaluru",19.37,79.2,44.88,success
2026-07-28,2026-07-28 08:01:41,Tuesday,morning_peak,home_to_office,"Koramangala, Bengaluru","Manyata Tech Park, Bengaluru","Koramangala, Bengaluru","Manyata Tech Park, Bengaluru",18.27,52.28,44.88,success
2026-07-28,2026-07-28 08:01:41,Tuesday,morning_peak,home_to_office,"Koramangala, Bengaluru","Electronic City, Bengaluru","Koramangala, Bengaluru","Electronic City, Bengaluru",13.6,23.8,24.95,success
2026-07-28,2026-07-28 08:01:41,Tuesday,morning_peak,home_to_office,"Koramangala, Bengaluru","International Tech Park Bangalore, Bengaluru","Koramangala, Bengaluru","International Tech Park Bangalore, Bengaluru",18.15,61.58,46.05,success
2026-07-28,2026-07-28 08:01:42,Tuesday,morning_peak,home_to_office,"Koramangala, Bengaluru","Bagmane Tech Park, Bengaluru","Koramangala, Bengaluru","Bagmane Tech Park, Bengaluru",9.45,32.37,29.82,success
2026-07-28,2026-07-28 08:01:42,Tuesday,morning_peak,home_to_office,"Koramangala, Bengaluru","RMZ Ecoworld, Bengaluru","Koramangala, Bengaluru","RMZ Ecoworld, Bengaluru",8.81,43.93,22.07,success
2026-07-28,2026-07-28 08:01:42,Tuesday,morning_peak,home_to_office,"Koramangala, Bengaluru","Embassy TechVillage, Bengaluru","Koramangala, Bengaluru","Embassy TechVillage, Bengaluru",10.14,47.63,24.03,success
2026-07-28,2026-07-28 08:01:42,Tuesday,morning_peak,home_to_office,"Koramangala, Bengaluru","Global Village Tech Park, Bengaluru","Koramangala, Bengaluru","Global Village Tech Park, Bengaluru",20.74,55.82,55.67,success
2026-07-28,2026-07-28 08:01:42,Tuesday,morning_peak,home_to_office,"Koramangala, Bengaluru","Prestige Tech Park, Bengaluru","Koramangala, Bengaluru","Prestige Tech Park, Bengaluru",9.25,45.1,23.2,success
2026-07-28,2026-07-28 08:01:42,Tuesday,morning_peak,home_to_office,"Koramangala, Bengaluru","Embassy GolfLinks Business Park, Bengaluru","Koramangala, Bengaluru","Embassy GolfLinks Business Park, Bengaluru",5.33,13.75,13.67,success
2026-07-28,2026-07-28 08:01:42,Tuesday,morning_peak,home_to_office,"Koramangala, Bengaluru","Cessna Business Park, Bengaluru","Koramangala, Bengaluru","Cessna Business Park, Bengaluru",9.61,45.37,22.17,success
2026-07-28,2026-07-28 08:01:42,Tuesday,morning_peak,home_to_office,"HSR Layout, Bengaluru","Manyata Tech Park, Bengaluru","HSR Layout, Bengaluru","Manyata Tech Park, Bengaluru",21.92,78.08,62.57,success
2026-07-28,2026-07-28 08:01:42,Tuesday,morning_peak,home_to_office,"HSR Layout, Bengaluru","Electronic City, Bengaluru","HSR Layout, Bengaluru","Electronic City, Bengaluru",13.3,23.13,25.68,success
2026-07-28,2026-07-28 08:01:42,Tuesday,morning_peak,home_to_office,"HSR Layout, Bengaluru","International Tech Park Bangalore, Bengaluru","HSR Layout, Bengaluru","International Tech Park Bangalore, Bengaluru",17.74,76.65,42.53,success
2026-07-28,2026-07-28 08:01:43,Tuesday,morning_peak,home_to_office,"HSR Layout, Bengaluru","Bagmane Tech Park, Bengaluru","HSR Layout, Bengaluru","Bagmane Tech Park, Bengaluru",13.49,57.75,43.57,success
2026-07-28,2026-07-28 08:01:43,Tuesday,morning_peak,home_to_office,"HSR Layout, Bengaluru","RMZ Ecoworld, Bengaluru","HSR Layout, Bengaluru","RMZ Ecoworld, Bengaluru",8.1,38.75,18.48,success
2026-07-28,2026-07-28 08:01:43,Tuesday,morning_peak,home_to_office,"HSR Layout, Bengaluru","Embassy TechVillage, Bengaluru","HSR Layout, Bengaluru","Embassy TechVillage, Bengaluru",9.43,42.4,20.43,success
2026-07-28,2026-07-28 08:01:43,Tuesday,morning_peak,home_to_office,"HSR Layout, Bengaluru","Global Village Tech Park, Bengaluru","HSR Layout, Bengaluru","Global Village Tech Park, Bengaluru",19.01,53.13,51.92,success
2026-07-28,2026-07-28 08:01:43,Tuesday,morning_peak,home_to_office,"HSR Layout, Bengaluru","Prestige Tech Park, Bengaluru","HSR Layout, Bengaluru","Prestige Tech Park, Bengaluru",8.53,40.1,19.62,success
2026-07-28,2026-07-28 08:01:43,Tuesday,morning_peak,home_to_office,"HSR Layout, Bengaluru","Embassy GolfLinks Business Park, Bengaluru","HSR Layout, Bengaluru","Embassy GolfLinks Business Park, Bengaluru",9.37,36.33,27.43,success
2026-07-28,2026-07-28 08:01:43,Tuesday,morning_peak,home_to_office,"HSR Layout, Bengaluru","Cessna Business Park, Bengaluru","HSR Layout, Bengaluru","Cessna Business Park, Bengaluru",8.9,40.22,18.57,success
2026-07-28,2026-07-28 08:01:43,Tuesday,morning_peak,home_to_office,"Whitefield, Bengaluru","Manyata Tech Park, Bengaluru","Whitefield, Bengaluru","Manyata Tech Park, Bengaluru",21.42,58.8,48.73,success
2026-07-28,2026-07-28 08:01:43,Tuesday,morning_peak,home_to_office,"Whitefield, Bengaluru","Electronic City, Bengaluru","Whitefield, Bengaluru","Electronic City, Bengaluru",30.97,71.13,61.27,success
2026-07-28,2026-07-28 08:01:43,Tuesday,morning_peak,home_to_office,"Whitefield, Bengaluru","International Tech Park Bangalore, Bengaluru","Whitefield, Bengaluru","International Tech Park Bangalore, Bengaluru",3.38,9.33,9.95,success
2026-07-28,2026-07-28 08:01:44,Tuesday,morning_peak,home_to_office,"Whitefield, Bengaluru","Bagmane Tech Park, Bengaluru","Whitefield, Bengaluru","Bagmane Tech Park, Bengaluru",13.99,58.8,36.58,success
2026-07-28,2026-07-28 08:01:44,Tuesday,morning_peak,home_to_office,"Whitefield, Bengaluru","RMZ Ecoworld, Bengaluru","Whitefield, Bengaluru","RMZ Ecoworld, Bengaluru",11.15,47.42,29.17,success
2026-07-28,2026-07-28 08:01:44,Tuesday,morning_peak,home_to_office,"Whitefield, Bengaluru","Embassy TechVillage, Bengaluru","Whitefield, Bengaluru","Embassy TechVillage, Bengaluru",9.46,42.08,25.35,success
2026-07-28,2026-07-28 08:01:44,Tuesday,morning_peak,home_to_office,"Whitefield, Bengaluru","Global Village Tech Park, Bengaluru","Whitefield, Bengaluru","Global Village Tech Park, Bengaluru",33.63,104.43,83.33,success
2026-07-28,2026-07-28 08:01:44,Tuesday,morning_peak,home_to_office,"Whitefield, Bengaluru","Prestige Tech Park, Bengaluru","Whitefield, Bengaluru","Prestige Tech Park, Bengaluru",9.13,42.37,25.4,success
2026-07-28,2026-07-28 08:01:44,Tuesday,morning_peak,home_to_office,"Whitefield, Bengaluru","Embassy GolfLinks Business Park, Bengaluru","Whitefield, Bengaluru","Embassy GolfLinks Business Park, Bengaluru",14.26,67.48,37.97,success
2026-07-28,2026-07-28 08:01:44,Tuesday,morning_peak,home_to_office,"Whitefield, Bengaluru","Cessna Business Park, Bengaluru","Whitefield, Bengaluru","Cessna Business Park, Bengaluru",8.92,39.92,23.48,success
2026-07-28,2026-07-28 08:01:44,Tuesday,morning_peak,home_to_office,"Marathahalli, Bengaluru","Manyata Tech Park, Bengaluru","Marathahalli, Bengaluru","Manyata Tech Park, Bengaluru",16.0,31.83,29.3,success
2026-07-28,2026-07-28 08:01:44,Tuesday,morning_peak,home_to_office,"Marathahalli, Bengaluru","Electronic City, Bengaluru","Marathahalli, Bengaluru","Electronic City, Bengaluru",23.85,48.78,42.45,success
2026-07-28,2026-07-28 08:01:45,Tuesday,morning_peak,home_to_office,"Marathahalli, Bengaluru","International Tech Park Bangalore, Bengaluru","Marathahalli, Bengaluru","International Tech Park Bangalore, Bengaluru",8.3,24.03,23.28,success
2026-07-28,2026-07-28 08:01:45,Tuesday,morning_peak,home_to_office,"Marathahalli, Bengaluru","Bagmane Tech Park, Bengaluru","Marathahalli, Bengaluru","Bagmane Tech Park, Bengaluru",7.59,22.33,19.3,success
2026-07-28,2026-07-28 08:01:45,Tuesday,morning_peak,home_to_office,"Marathahalli, Bengaluru","RMZ Ecoworld, Bengaluru","Marathahalli, Bengaluru","RMZ Ecoworld, Bengaluru",7.07,22.38,14.5,success
2026-07-28,2026-07-28 08:01:45,Tuesday,morning_peak,home_to_office,"Marathahalli, Bengaluru","Embassy TechVillage, Bengaluru","Marathahalli, Bengaluru","Embassy TechVillage, Bengaluru",5.38,17.7,10.68,success
2026-07-28,2026-07-28 08:01:45,Tuesday,morning_peak,home_to_office,"Marathahalli, Bengaluru","Global Village Tech Park, Bengaluru","Marathahalli, Bengaluru","Global Village Tech Park, Bengaluru",26.06,72.82,68.75,success
2026-07-28,2026-07-28 08:01:45,Tuesday,morning_peak,home_to_office,"Marathahalli, Bengaluru","Prestige Tech Park, Bengaluru","Marathahalli, Bengaluru","Prestige Tech Park, Bengaluru",5.06,17.12,11.15,success
2026-07-28,2026-07-28 08:01:45,Tuesday,morning_peak,home_to_office,"Marathahalli, Bengaluru","Embassy GolfLinks Business Park, Bengaluru","Marathahalli, Bengaluru","Embassy GolfLinks Business Park, Bengaluru",7.87,25.6,20.67,success
2026-07-28,2026-07-28 08:01:45,Tuesday,morning_peak,home_to_office,"Marathahalli, Bengaluru","Cessna Business Park, Bengaluru","Marathahalli, Bengaluru","Cessna Business Park, Bengaluru",4.85,15.95,8.82,success
2026-07-28,2026-07-28 08:01:45,Tuesday,morning_peak,home_to_office,"Hebbal, Bengaluru","Manyata Tech Park, Bengaluru","Hebbal, Bengaluru","Manyata Tech Park, Bengaluru",3.66,13.68,14.22,success
2026-07-28,2026-07-28 08:01:45,Tuesday,morning_peak,home_to_office,"Hebbal, Bengaluru","Electronic City, Bengaluru","Hebbal, Bengaluru","Electronic City, Bengaluru",27.57,74.58,65.43,success
2026-07-28,2026-07-28 08:01:45,Tuesday,morning_peak,home_to_office,"Hebbal, Bengaluru","International Tech Park Bangalore, Bengaluru","Hebbal, Bengaluru","International Tech Park Bangalore, Bengaluru",19.97,87.0,49.7,success
2026-07-28,2026-07-28 08:01:46,Tuesday,morning_peak,home_to_office,"Hebbal, Bengaluru","Bagmane Tech Park, Bengaluru","Hebbal, Bengaluru","Bagmane Tech Park, Bengaluru",14.65,56.3,43.28,success
2026-07-28,2026-07-28 08:01:46,Tuesday,morning_peak,home_to_office,"Hebbal, Bengaluru","RMZ Ecoworld, Bengaluru","Hebbal, Bengaluru","RMZ Ecoworld, Bengaluru",23.11,111.52,50.58,success
2026-07-28,2026-07-28 08:01:46,Tuesday,morning_peak,home_to_office,"Hebbal, Bengaluru","Embassy TechVillage, Bengaluru","Hebbal, Bengaluru","Embassy TechVillage, Bengaluru",21.42,105.62,46.77,success
2026-07-28,2026-07-28 08:01:46,Tuesday,morning_peak,home_to_office,"Hebbal, Bengaluru","Global Village Tech Park, Bengaluru","Hebbal, Bengaluru","Global Village Tech Park, Bengaluru",23.74,59.22,57.3,success
2026-07-28,2026-07-28 08:01:46,Tuesday,morning_peak,home_to_office,"Hebbal, Bengaluru","Prestige Tech Park, Bengaluru","Hebbal, Bengaluru","Prestige Tech Park, Bengaluru",24.45,102.32,64.57,success
2026-07-28,2026-07-28 08:01:46,Tuesday,morning_peak,home_to_office,"Hebbal, Bengaluru","Embassy GolfLinks Business Park, Bengaluru","Hebbal, Bengaluru","Embassy GolfLinks Business Park, Bengaluru",16.03,54.23,41.45,success
2026-07-28,2026-07-28 08:01:46,Tuesday,morning_peak,home_to_office,"Hebbal, Bengaluru","Cessna Business Park, Bengaluru","Hebbal, Bengaluru","Cessna Business Park, Bengaluru",20.89,102.43,44.9,success
2026-07-28,2026-07-28 08:01:46,Tuesday,morning_peak,home_to_office,"Yelahanka, Bengaluru","Manyata Tech Park, Bengaluru","Yelahanka, Bengaluru","Manyata Tech Park, Bengaluru",15.52,23.1,22.35,success
2026-07-28,2026-07-28 08:01:46,Tuesday,morning_peak,home_to_office,"Yelahanka, Bengaluru","Electronic City, Bengaluru","Yelahanka, Bengaluru","Electronic City, Bengaluru",38.91,87.42,75.97,success
2026-07-28,2026-07-28 08:01:46,Tuesday,morning_peak,home_to_office,"Yelahanka, Bengaluru","International Tech Park Bangalore, Bengaluru","Yelahanka, Bengaluru","International Tech Park Bangalore, Bengaluru",31.82,98.25,57.83,success
2026-07-28,2026-07-28 08:01:47,Tuesday,morning_peak,home_to_office,"Yelahanka, Bengaluru","Bagmane Tech Park, Bengaluru","Yelahanka, Bengaluru","Bagmane Tech Park, Bengaluru",25.98,69.27,53.82,success
2026-07-28,2026-07-28 08:01:47,Tuesday,morning_peak,home_to_office,"Yelahanka, Bengaluru","RMZ Ecoworld, Bengaluru","Yelahanka, Bengaluru","RMZ Ecoworld, Bengaluru",36.94,114.2,76.77,success
2026-07-28,2026-07-28 08:01:47,Tuesday,morning_peak,home_to_office,"Yelahanka, Bengaluru","Embassy TechVillage, Bengaluru","Yelahanka, Bengaluru","Embassy TechVillage, Bengaluru",33.27,118.57,54.9,success
2026-07-28,2026-07-28 08:01:47,Tuesday,morning_peak,home_to_office,"Yelahanka, Bengaluru","Global Village Tech Park, Bengaluru","Yelahanka, Bengaluru","Global Village Tech Park, Bengaluru",35.86,68.67,65.08,success
2026-07-28,2026-07-28 08:01:47,Tuesday,morning_peak,home_to_office,"Yelahanka, Bengaluru","Prestige Tech Park, Bengaluru","Yelahanka, Bengaluru","Prestige Tech Park, Bengaluru",32.94,117.97,55.37,success
2026-07-28,2026-07-28 08:01:47,Tuesday,morning_peak,home_to_office,"Yelahanka, Bengaluru","Embassy GolfLinks Business Park, Bengaluru","Yelahanka, Bengaluru","Embassy GolfLinks Business Park, Bengaluru",27.36,65.77,51.98,success
2026-07-28,2026-07-28 08:01:47,Tuesday,morning_peak,home_to_office,"Yelahanka, Bengaluru","Cessna Business Park, Bengaluru","Yelahanka, Bengaluru","Cessna Business Park, Bengaluru",32.73,114.92,53.03,success
2026-07-28,2026-07-28 08:01:47,Tuesday,morning_peak,home_to_office,"Rajajinagar, Bengaluru","Manyata Tech Park, Bengaluru","Rajajinagar, Bengaluru","Manyata Tech Park, Bengaluru",13.2,29.65,30.5,success
2026-07-28,2026-07-28 08:01:47,Tuesday,morning_peak,home_to_office,"Rajajinagar, Bengaluru","Electronic City, Bengaluru","Rajajinagar, Bengaluru","Electronic City, Bengaluru",40.39,57.95,60.28,success
2026-07-28,2026-07-28 08:01:48,Tuesday,morning_peak,home_to_office,"Rajajinagar, Bengaluru","International Tech Park Bangalore, Bengaluru","Rajajinagar, Bengaluru","International Tech Park Bangalore, Bengaluru",24.06,95.8,67.83,success
2026-07-28,2026-07-28 08:01:48,Tuesday,morning_peak,home_to_office,"Rajajinagar, Bengaluru","Bagmane Tech Park, Bengaluru","Rajajinagar, Bengaluru","Bagmane Tech Park, Bengaluru",14.03,54.22,43.72,success
2026-07-28,2026-07-28 08:01:48,Tuesday,morning_peak,home_to_office,"Rajajinagar, Bengaluru","RMZ Ecoworld, Bengaluru","Rajajinagar, Bengaluru","RMZ Ecoworld, Bengaluru",24.21,100.18,63.43,success
2026-07-28,2026-07-28 08:01:48,Tuesday,morning_peak,home_to_office,"Rajajinagar, Bengaluru","Embassy TechVillage, Bengaluru","Rajajinagar, Bengaluru","Embassy TechVillage, Bengaluru",23.17,107.63,62.07,success
2026-07-28,2026-07-28 08:01:48,Tuesday,morning_peak,home_to_office,"Rajajinagar, Bengaluru","Global Village Tech Park, Bengaluru","Rajajinagar, Bengaluru","Global Village Tech Park, Bengaluru",14.68,35.57,36.7,success
2026-07-28,2026-07-28 08:01:48,Tuesday,morning_peak,home_to_office,"Rajajinagar, Bengaluru","Prestige Tech Park, Bengaluru","Rajajinagar, Bengaluru","Prestige Tech Park, Bengaluru",22.27,102.47,61.23,success
2026-07-28,2026-07-28 08:01:48,Tuesday,morning_peak,home_to_office,"Rajajinagar, Bengaluru","Embassy GolfLinks Business Park, Bengaluru","Rajajinagar, Bengaluru","Embassy GolfLinks Business Park, Bengaluru",14.21,49.65,40.62,success
2026-07-28,2026-07-28 08:01:48,Tuesday,morning_peak,home_to_office,"Rajajinagar, Bengaluru","Cessna Business Park, Bengaluru","Rajajinagar, Bengaluru","Cessna Business Park, Bengaluru",22.63,104.4,60.2,success
2026-07-28,2026-07-28 12:33:15,Tuesday,baseline,home_to_office,"JP Nagar, Bengaluru","Manyata Tech Park, Bengaluru","JP Nagar, Bengaluru","Manyata Tech Park, Bengaluru",21.27,80.25,58.83,success
2026-07-28,2026-07-28 12:33:15,Tuesday,baseline,home_to_office,"JP Nagar, Bengaluru","Electronic City, Bengaluru","JP Nagar, Bengaluru","Electronic City, Bengaluru",16.58,37.67,29.75,success
2026-07-28,2026-07-28 12:33:16,Tuesday,baseline,home_to_office,"JP Nagar, Bengaluru","International Tech Park Bangalore, Bengaluru","JP Nagar, Bengaluru","International Tech Park Bangalore, Bengaluru",24.21,82.97,55.3,success
2026-07-28,2026-07-28 12:33:16,Tuesday,baseline,home_to_office,"JP Nagar, Bengaluru","Bagmane Tech Park, Bengaluru","JP Nagar, Bengaluru","Bagmane Tech Park, Bengaluru",17.66,57.67,49.8,success
2026-07-28,2026-07-28 12:33:16,Tuesday,baseline,home_to_office,"JP Nagar, Bengaluru","RMZ Ecoworld, Bengaluru","JP Nagar, Bengaluru","RMZ Ecoworld, Bengaluru",14.56,48.72,31.23,success
2026-07-28,2026-07-28 12:33:16,Tuesday,baseline,home_to_office,"JP Nagar, Bengaluru","Embassy TechVillage, Bengaluru","JP Nagar, Bengaluru","Embassy TechVillage, Bengaluru",15.9,59.95,33.2,success
2026-07-28,2026-07-28 12:33:16,Tuesday,baseline,home_to_office,"JP Nagar, Bengaluru","Global Village Tech Park, Bengaluru","JP Nagar, Bengaluru","Global Village Tech Park, Bengaluru",14.36,42.43,39.68,success
2026-07-28,2026-07-28 12:33:17,Tuesday,baseline,home_to_office,"JP Nagar, Bengaluru","Prestige Tech Park, Bengaluru","JP Nagar, Bengaluru","Prestige Tech Park, Bengaluru",15.0,51.7,32.37,success
2026-07-28,2026-07-28 12:33:17,Tuesday,baseline,home_to_office,"JP Nagar, Bengaluru","Embassy GolfLinks Business Park, Bengaluru","JP Nagar, Bengaluru","Embassy GolfLinks Business Park, Bengaluru",12.31,43.03,37.35,success
2026-07-28,2026-07-28 12:33:17,Tuesday,baseline,home_to_office,"JP Nagar, Bengaluru","Cessna Business Park, Bengaluru","JP Nagar, Bengaluru","Cessna Business Park, Bengaluru",15.36,54.53,31.33,success
2026-07-28,2026-07-28 12:33:17,Tuesday,baseline,home_to_office,"Jayanagar, Bengaluru","Manyata Tech Park, Bengaluru","Jayanagar, Bengaluru","Manyata Tech Park, Bengaluru",18.17,67.7,48.17,success
2026-07-28,2026-07-28 12:33:17,Tuesday,baseline,home_to_office,"Jayanagar, Bengaluru","Electronic City, Bengaluru","Jayanagar, Bengaluru","Electronic City, Bengaluru",16.7,40.03,30.6,success
2026-07-28,2026-07-28 12:33:18,Tuesday,baseline,home_to_office,"Jayanagar, Bengaluru","International Tech Park Bangalore, Bengaluru","Jayanagar, Bengaluru","International Tech Park Bangalore, Bengaluru",24.79,82.95,68.12,success
2026-07-28,2026-07-28 12:33:18,Tuesday,baseline,home_to_office,"Jayanagar, Bengaluru","Bagmane Tech Park, Bengaluru","Jayanagar, Bengaluru","Bagmane Tech Park, Bengaluru",13.23,56.57,43.07,success
2026-07-28,2026-07-28 12:33:18,Tuesday,baseline,home_to_office,"Jayanagar, Bengaluru","RMZ Ecoworld, Bengaluru","Jayanagar, Bengaluru","RMZ Ecoworld, Bengaluru",14.69,51.42,32.08,success
2026-07-28,2026-07-28 12:33:18,Tuesday,baseline,home_to_office,"Jayanagar, Bengaluru","Embassy TechVillage, Bengaluru","Jayanagar, Bengaluru","Embassy TechVillage, Bengaluru",16.02,62.63,34.03,success
2026-07-28,2026-07-28 12:33:18,Tuesday,baseline,home_to_office,"Jayanagar, Bengaluru","Global Village Tech Park, Bengaluru","Jayanagar, Bengaluru","Global Village Tech Park, Bengaluru",13.99,43.9,40.48,success
2026-07-28,2026-07-28 12:33:18,Tuesday,baseline,home_to_office,"Jayanagar, Bengaluru","Prestige Tech Park, Bengaluru","Jayanagar, Bengaluru","Prestige Tech Park, Bengaluru",15.13,54.3,33.22,success
2026-07-28,2026-07-28 12:33:18,Tuesday,baseline,home_to_office,"Jayanagar, Bengaluru","Embassy GolfLinks Business Park, Bengaluru","Jayanagar, Bengaluru","Embassy GolfLinks Business Park, Bengaluru",11.79,40.52,35.02,success
2026-07-28,2026-07-28 12:33:18,Tuesday,baseline,home_to_office,"Jayanagar, Bengaluru","Cessna Business Park, Bengaluru","Jayanagar, Bengaluru","Cessna Business Park, Bengaluru",15.49,57.12,32.17,success
2026-07-28,2026-07-28 12:33:19,Tuesday,baseline,home_to_office,"Banashankari, Bengaluru","Manyata Tech Park, Bengaluru","Banashankari, Bengaluru","Manyata Tech Park, Bengaluru",20.29,68.58,53.0,success
2026-07-28,2026-07-28 12:33:19,Tuesday,baseline,home_to_office,"Banashankari, Bengaluru","Electronic City, Bengaluru","Banashankari, Bengaluru","Electronic City, Bengaluru",34.14,47.3,47.88,success
2026-07-28,2026-07-28 12:33:19,Tuesday,baseline,home_to_office,"Banashankari, Bengaluru","International Tech Park Bangalore, Bengaluru","Banashankari, Bengaluru","International Tech Park Bangalore, Bengaluru",28.21,97.73,68.85,success
2026-07-28,2026-07-28 12:33:19,Tuesday,baseline,home_to_office,"Banashankari, Bengaluru","Bagmane Tech Park, Bengaluru","Banashankari, Bengaluru","Bagmane Tech Park, Bengaluru",16.64,68.48,55.6,success
2026-07-28,2026-07-28 12:33:19,Tuesday,baseline,home_to_office,"Banashankari, Bengaluru","RMZ Ecoworld, Bengaluru","Banashankari, Bengaluru","RMZ Ecoworld, Bengaluru",18.56,64.67,44.8,success
2026-07-28,2026-07-28 12:33:19,Tuesday,baseline,home_to_office,"Banashankari, Bengaluru","Embassy TechVillage, Bengaluru","Banashankari, Bengaluru","Embassy TechVillage, Bengaluru",19.9,75.25,46.75,success
2026-07-28,2026-07-28 12:33:19,Tuesday,baseline,home_to_office,"Banashankari, Bengaluru","Global Village Tech Park, Bengaluru","Banashankari, Bengaluru","Global Village Tech Park, Bengaluru",9.6,26.62,26.03,success
2026-07-28,2026-07-28 12:33:20,Tuesday,baseline,home_to_office,"Banashankari, Bengaluru","Prestige Tech Park, Bengaluru","Banashankari, Bengaluru","Prestige Tech Park, Bengaluru",19.0,66.98,45.93,success
2026-07-28,2026-07-28 12:33:20,Tuesday,baseline,home_to_office,"Banashankari, Bengaluru","Embassy GolfLinks Business Park, Bengaluru","Banashankari, Bengaluru","Embassy GolfLinks Business Park, Bengaluru",16.0,57.12,49.33,success
2026-07-28,2026-07-28 12:33:20,Tuesday,baseline,home_to_office,"Banashankari, Bengaluru","Cessna Business Park, Bengaluru","Banashankari, Bengaluru","Cessna Business Park, Bengaluru",19.37,69.57,44.88,success
2026-07-28,2026-07-28 12:33:20,Tuesday,baseline,home_to_office,"Koramangala, Bengaluru","Manyata Tech Park, Bengaluru","Koramangala, Bengaluru","Manyata Tech Park, Bengaluru",18.27,55.62,44.88,success
2026-07-28,2026-07-28 12:33:20,Tuesday,baseline,home_to_office,"Koramangala, Bengaluru","Electronic City, Bengaluru","Koramangala, Bengaluru","Electronic City, Bengaluru",13.6,32.05,24.95,success
2026-07-28,2026-07-28 12:33:20,Tuesday,baseline,home_to_office,"Koramangala, Bengaluru","International Tech Park Bangalore, Bengaluru","Koramangala, Bengaluru","International Tech Park Bangalore, Bengaluru",18.15,55.67,46.05,success
2026-07-28,2026-07-28 12:33:21,Tuesday,baseline,home_to_office,"Koramangala, Bengaluru","Bagmane Tech Park, Bengaluru","Koramangala, Bengaluru","Bagmane Tech Park, Bengaluru",10.68,30.4,26.13,success
2026-07-28,2026-07-28 12:33:21,Tuesday,baseline,home_to_office,"Koramangala, Bengaluru","RMZ Ecoworld, Bengaluru","Koramangala, Bengaluru","RMZ Ecoworld, Bengaluru",8.81,35.77,22.07,success
2026-07-28,2026-07-28 12:33:21,Tuesday,baseline,home_to_office,"Koramangala, Bengaluru","Embassy TechVillage, Bengaluru","Koramangala, Bengaluru","Embassy TechVillage, Bengaluru",10.14,45.55,24.03,success
2026-07-28,2026-07-28 12:33:21,Tuesday,baseline,home_to_office,"Koramangala, Bengaluru","Global Village Tech Park, Bengaluru","Koramangala, Bengaluru","Global Village Tech Park, Bengaluru",19.21,64.3,58.32,success
2026-07-28,2026-07-28 12:33:21,Tuesday,baseline,home_to_office,"Koramangala, Bengaluru","Prestige Tech Park, Bengaluru","Koramangala, Bengaluru","Prestige Tech Park, Bengaluru",9.25,38.0,23.2,success
2026-07-28,2026-07-28 12:33:21,Tuesday,baseline,home_to_office,"Koramangala, Bengaluru","Embassy GolfLinks Business Park, Bengaluru","Koramangala, Bengaluru","Embassy GolfLinks Business Park, Bengaluru",5.33,16.43,13.67,success
2026-07-28,2026-07-28 12:33:21,Tuesday,baseline,home_to_office,"Koramangala, Bengaluru","Cessna Business Park, Bengaluru","Koramangala, Bengaluru","Cessna Business Park, Bengaluru",9.61,40.0,22.17,success
2026-07-28,2026-07-28 12:33:21,Tuesday,baseline,home_to_office,"HSR Layout, Bengaluru","Manyata Tech Park, Bengaluru","HSR Layout, Bengaluru","Manyata Tech Park, Bengaluru",26.46,69.38,49.6,success
2026-07-28,2026-07-28 12:33:22,Tuesday,baseline,home_to_office,"HSR Layout, Bengaluru","Electronic City, Bengaluru","HSR Layout, Bengaluru","Electronic City, Bengaluru",10.82,29.95,26.5,success
2026-07-28,2026-07-28 12:33:22,Tuesday,baseline,home_to_office,"HSR Layout, Bengaluru","International Tech Park Bangalore, Bengaluru","HSR Layout, Bengaluru","International Tech Park Bangalore, Bengaluru",17.74,66.52,42.53,success
2026-07-28,2026-07-28 12:33:22,Tuesday,baseline,home_to_office,"HSR Layout, Bengaluru","Bagmane Tech Park, Bengaluru","HSR Layout, Bengaluru","Bagmane Tech Park, Bengaluru",14.72,49.55,39.9,success
2026-07-28,2026-07-28 12:33:22,Tuesday,baseline,home_to_office,"HSR Layout, Bengaluru","RMZ Ecoworld, Bengaluru","HSR Layout, Bengaluru","RMZ Ecoworld, Bengaluru",8.1,32.48,18.48,success
2026-07-28,2026-07-28 12:33:22,Tuesday,baseline,home_to_office,"HSR Layout, Bengaluru","Embassy TechVillage, Bengaluru","HSR Layout, Bengaluru","Embassy TechVillage, Bengaluru",9.43,41.97,20.43,success
2026-07-28,2026-07-28 12:33:22,Tuesday,baseline,home_to_office,"HSR Layout, Bengaluru","Global Village Tech Park, Bengaluru","HSR Layout, Bengaluru","Global Village Tech Park, Bengaluru",19.01,60.4,51.92,success
2026-07-28,2026-07-28 12:33:22,Tuesday,baseline,home_to_office,"HSR Layout, Bengaluru","Prestige Tech Park, Bengaluru","HSR Layout, Bengaluru","Prestige Tech Park, Bengaluru",8.53,35.37,19.62,success
2026-07-28,2026-07-28 12:33:23,Tuesday,baseline,home_to_office,"HSR Layout, Bengaluru","Embassy GolfLinks Business Park, Bengaluru","HSR Layout, Bengaluru","Embassy GolfLinks Business Park, Bengaluru",9.37,35.03,27.43,success
2026-07-28,2026-07-28 12:33:23,Tuesday,baseline,home_to_office,"HSR Layout, Bengaluru","Cessna Business Park, Bengaluru","HSR Layout, Bengaluru","Cessna Business Park, Bengaluru",8.9,37.15,18.57,success
2026-07-28,2026-07-28 12:33:23,Tuesday,baseline,home_to_office,"Whitefield, Bengaluru","Manyata Tech Park, Bengaluru","Whitefield, Bengaluru","Manyata Tech Park, Bengaluru",21.42,56.37,48.73,success
2026-07-28,2026-07-28 12:33:23,Tuesday,baseline,home_to_office,"Whitefield, Bengaluru","Electronic City, Bengaluru","Whitefield, Bengaluru","Electronic City, Bengaluru",30.97,69.48,61.27,success
2026-07-28,2026-07-28 12:33:23,Tuesday,baseline,home_to_office,"Whitefield, Bengaluru","International Tech Park Bangalore, Bengaluru","Whitefield, Bengaluru","International Tech Park Bangalore, Bengaluru",3.38,10.27,9.95,success
2026-07-28,2026-07-28 12:33:23,Tuesday,baseline,home_to_office,"Whitefield, Bengaluru","Bagmane Tech Park, Bengaluru","Whitefield, Bengaluru","Bagmane Tech Park, Bengaluru",13.99,43.45,36.58,success
2026-07-28,2026-07-28 12:33:23,Tuesday,baseline,home_to_office,"Whitefield, Bengaluru","RMZ Ecoworld, Bengaluru","Whitefield, Bengaluru","RMZ Ecoworld, Bengaluru",11.15,41.4,29.17,success
2026-07-28,2026-07-28 12:33:23,Tuesday,baseline,home_to_office,"Whitefield, Bengaluru","Embassy TechVillage, Bengaluru","Whitefield, Bengaluru","Embassy TechVillage, Bengaluru",9.46,36.9,25.35,success
2026-07-28,2026-07-28 12:33:24,Tuesday,baseline,home_to_office,"Whitefield, Bengaluru","Global Village Tech Park, Bengaluru","Whitefield, Bengaluru","Global Village Tech Park, Bengaluru",33.63,100.38,83.33,success
2026-07-28,2026-07-28 12:33:24,Tuesday,baseline,home_to_office,"Whitefield, Bengaluru","Prestige Tech Park, Bengaluru","Whitefield, Bengaluru","Prestige Tech Park, Bengaluru",9.13,34.95,25.4,success
2026-07-28,2026-07-28 12:33:24,Tuesday,baseline,home_to_office,"Whitefield, Bengaluru","Embassy GolfLinks Business Park, Bengaluru","Whitefield, Bengaluru","Embassy GolfLinks Business Park, Bengaluru",14.26,49.92,37.97,success
2026-07-28,2026-07-28 12:33:24,Tuesday,baseline,home_to_office,"Whitefield, Bengaluru","Cessna Business Park, Bengaluru","Whitefield, Bengaluru","Cessna Business Park, Bengaluru",8.92,32.23,23.48,success
2026-07-28,2026-07-28 12:33:24,Tuesday,baseline,home_to_office,"Marathahalli, Bengaluru","Manyata Tech Park, Bengaluru","Marathahalli, Bengaluru","Manyata Tech Park, Bengaluru",16.0,31.83,29.3,success
2026-07-28,2026-07-28 12:33:24,Tuesday,baseline,home_to_office,"Marathahalli, Bengaluru","Electronic City, Bengaluru","Marathahalli, Bengaluru","Electronic City, Bengaluru",23.85,55.02,42.45,success
2026-07-28,2026-07-28 12:33:25,Tuesday,baseline,home_to_office,"Marathahalli, Bengaluru","International Tech Park Bangalore, Bengaluru","Marathahalli, Bengaluru","International Tech Park Bangalore, Bengaluru",8.3,26.55,23.28,success
2026-07-28,2026-07-28 12:33:25,Tuesday,baseline,home_to_office,"Marathahalli, Bengaluru","Bagmane Tech Park, Bengaluru","Marathahalli, Bengaluru","Bagmane Tech Park, Bengaluru",7.59,19.83,19.3,success
2026-07-28,2026-07-28 12:33:25,Tuesday,baseline,home_to_office,"Marathahalli, Bengaluru","RMZ Ecoworld, Bengaluru","Marathahalli, Bengaluru","RMZ Ecoworld, Bengaluru",7.07,22.17,14.5,success
2026-07-28,2026-07-28 12:33:25,Tuesday,baseline,home_to_office,"Marathahalli, Bengaluru","Embassy TechVillage, Bengaluru","Marathahalli, Bengaluru","Embassy TechVillage, Bengaluru",5.38,17.07,10.68,success
2026-07-28,2026-07-28 12:33:25,Tuesday,baseline,home_to_office,"Marathahalli, Bengaluru","Global Village Tech Park, Bengaluru","Marathahalli, Bengaluru","Global Village Tech Park, Bengaluru",29.56,82.9,68.68,success
2026-07-28,2026-07-28 12:33:25,Tuesday,baseline,home_to_office,"Marathahalli, Bengaluru","Prestige Tech Park, Bengaluru","Marathahalli, Bengaluru","Prestige Tech Park, Bengaluru",5.06,17.77,11.15,success
2026-07-28,2026-07-28 12:33:25,Tuesday,baseline,home_to_office,"Marathahalli, Bengaluru","Embassy GolfLinks Business Park, Bengaluru","Marathahalli, Bengaluru","Embassy GolfLinks Business Park, Bengaluru",7.87,29.2,20.67,success
2026-07-28,2026-07-28 12:33:25,Tuesday,baseline,home_to_office,"Marathahalli, Bengaluru","Cessna Business Park, Bengaluru","Marathahalli, Bengaluru","Cessna Business Park, Bengaluru",4.85,13.13,8.82,success
2026-07-28,2026-07-28 12:33:26,Tuesday,baseline,home_to_office,"Hebbal, Bengaluru","Manyata Tech Park, Bengaluru","Hebbal, Bengaluru","Manyata Tech Park, Bengaluru",3.66,17.93,14.22,success
2026-07-28,2026-07-28 12:33:26,Tuesday,baseline,home_to_office,"Hebbal, Bengaluru","Electronic City, Bengaluru","Hebbal, Bengaluru","Electronic City, Bengaluru",27.57,82.73,65.43,success
2026-07-28,2026-07-28 12:33:26,Tuesday,baseline,home_to_office,"Hebbal, Bengaluru","International Tech Park Bangalore, Bengaluru","Hebbal, Bengaluru","International Tech Park Bangalore, Bengaluru",19.97,74.68,49.7,success
2026-07-28,2026-07-28 12:33:26,Tuesday,baseline,home_to_office,"Hebbal, Bengaluru","Bagmane Tech Park, Bengaluru","Hebbal, Bengaluru","Bagmane Tech Park, Bengaluru",14.65,50.75,43.28,success
2026-07-28,2026-07-28 12:33:26,Tuesday,baseline,home_to_office,"Hebbal, Bengaluru","RMZ Ecoworld, Bengaluru","Hebbal, Bengaluru","RMZ Ecoworld, Bengaluru",23.11,80.22,50.58,success
2026-07-28,2026-07-28 12:33:26,Tuesday,baseline,home_to_office,"Hebbal, Bengaluru","Embassy TechVillage, Bengaluru","Hebbal, Bengaluru","Embassy TechVillage, Bengaluru",21.42,76.28,46.77,success
2026-07-28,2026-07-28 12:33:26,Tuesday,baseline,home_to_office,"Hebbal, Bengaluru","Global Village Tech Park, Bengaluru","Hebbal, Bengaluru","Global Village Tech Park, Bengaluru",22.73,70.72,56.78,success
2026-07-28,2026-07-28 12:33:27,Tuesday,baseline,home_to_office,"Hebbal, Bengaluru","Prestige Tech Park, Bengaluru","Hebbal, Bengaluru","Prestige Tech Park, Bengaluru",21.1,73.02,47.23,success
2026-07-28,2026-07-28 12:33:27,Tuesday,baseline,home_to_office,"Hebbal, Bengaluru","Embassy GolfLinks Business Park, Bengaluru","Hebbal, Bengaluru","Embassy GolfLinks Business Park, Bengaluru",16.03,50.2,41.45,success
2026-07-28,2026-07-28 12:33:27,Tuesday,baseline,home_to_office,"Hebbal, Bengaluru","Cessna Business Park, Bengaluru","Hebbal, Bengaluru","Cessna Business Park, Bengaluru",20.89,70.57,44.9,success
2026-07-28,2026-07-28 12:33:27,Tuesday,baseline,home_to_office,"Yelahanka, Bengaluru","Manyata Tech Park, Bengaluru","Yelahanka, Bengaluru","Manyata Tech Park, Bengaluru",14.31,32.62,26.45,success
2026-07-28,2026-07-28 12:33:27,Tuesday,baseline,home_to_office,"Yelahanka, Bengaluru","Electronic City, Bengaluru","Yelahanka, Bengaluru","Electronic City, Bengaluru",38.91,96.47,75.97,success
2026-07-28,2026-07-28 12:33:27,Tuesday,baseline,home_to_office,"Yelahanka, Bengaluru","International Tech Park Bangalore, Bengaluru","Yelahanka, Bengaluru","International Tech Park Bangalore, Bengaluru",38.72,76.87,68.62,success
2026-07-28,2026-07-28 12:33:28,Tuesday,baseline,home_to_office,"Yelahanka, Bengaluru","Bagmane Tech Park, Bengaluru","Yelahanka, Bengaluru","Bagmane Tech Park, Bengaluru",25.98,65.38,53.82,success
2026-07-28,2026-07-28 12:33:28,Tuesday,baseline,home_to_office,"Yelahanka, Bengaluru","RMZ Ecoworld, Bengaluru","Yelahanka, Bengaluru","RMZ Ecoworld, Bengaluru",34.95,93.75,58.72,success
2026-07-28,2026-07-28 12:33:28,Tuesday,baseline,home_to_office,"Yelahanka, Bengaluru","Embassy TechVillage, Bengaluru","Yelahanka, Bengaluru","Embassy TechVillage, Bengaluru",33.27,89.85,54.9,success
2026-07-28,2026-07-28 12:33:28,Tuesday,baseline,home_to_office,"Yelahanka, Bengaluru","Global Village Tech Park, Bengaluru","Yelahanka, Bengaluru","Global Village Tech Park, Bengaluru",35.86,81.62,65.08,success
2026-07-28,2026-07-28 12:33:28,Tuesday,baseline,home_to_office,"Yelahanka, Bengaluru","Prestige Tech Park, Bengaluru","Yelahanka, Bengaluru","Prestige Tech Park, Bengaluru",32.94,87.03,55.37,success
2026-07-28,2026-07-28 12:33:28,Tuesday,baseline,home_to_office,"Yelahanka, Bengaluru","Embassy GolfLinks Business Park, Bengaluru","Yelahanka, Bengaluru","Embassy GolfLinks Business Park, Bengaluru",27.36,64.68,51.98,success
2026-07-28,2026-07-28 12:33:28,Tuesday,baseline,home_to_office,"Yelahanka, Bengaluru","Cessna Business Park, Bengaluru","Yelahanka, Bengaluru","Cessna Business Park, Bengaluru",32.73,83.98,53.03,success
2026-07-28,2026-07-28 12:33:29,Tuesday,baseline,home_to_office,"Rajajinagar, Bengaluru","Manyata Tech Park, Bengaluru","Rajajinagar, Bengaluru","Manyata Tech Park, Bengaluru",13.2,40.57,30.5,success
2026-07-28,2026-07-28 12:33:29,Tuesday,baseline,home_to_office,"Rajajinagar, Bengaluru","Electronic City, Bengaluru","Rajajinagar, Bengaluru","Electronic City, Bengaluru",40.39,62.93,60.28,success
2026-07-28,2026-07-28 12:33:29,Tuesday,baseline,home_to_office,"Rajajinagar, Bengaluru","International Tech Park Bangalore, Bengaluru","Rajajinagar, Bengaluru","International Tech Park Bangalore, Bengaluru",26.41,88.0,71.95,success
2026-07-28,2026-07-28 12:33:29,Tuesday,baseline,home_to_office,"Rajajinagar, Bengaluru","Bagmane Tech Park, Bengaluru","Rajajinagar, Bengaluru","Bagmane Tech Park, Bengaluru",14.03,53.0,43.72,success
2026-07-28,2026-07-28 12:33:29,Tuesday,baseline,home_to_office,"Rajajinagar, Bengaluru","RMZ Ecoworld, Bengaluru","Rajajinagar, Bengaluru","RMZ Ecoworld, Bengaluru",21.83,86.43,60.1,success
2026-07-28,2026-07-28 12:33:29,Tuesday,baseline,home_to_office,"Rajajinagar, Bengaluru","Embassy TechVillage, Bengaluru","Rajajinagar, Bengaluru","Embassy TechVillage, Bengaluru",24.52,87.73,63.3,success
2026-07-28,2026-07-28 12:33:29,Tuesday,baseline,home_to_office,"Rajajinagar, Bengaluru","Global Village Tech Park, Bengaluru","Rajajinagar, Bengaluru","Global Village Tech Park, Bengaluru",14.68,39.62,36.7,success
2026-07-28,2026-07-28 12:33:30,Tuesday,baseline,home_to_office,"Rajajinagar, Bengaluru","Prestige Tech Park, Bengaluru","Rajajinagar, Bengaluru","Prestige Tech Park, Bengaluru",22.63,82.93,63.73,success
2026-07-28,2026-07-28 12:33:30,Tuesday,baseline,home_to_office,"Rajajinagar, Bengaluru","Embassy GolfLinks Business Park, Bengaluru","Rajajinagar, Bengaluru","Embassy GolfLinks Business Park, Bengaluru",14.21,50.02,40.62,success
2026-07-28,2026-07-28 12:33:30,Tuesday,baseline,home_to_office,"Rajajinagar, Bengaluru","Cessna Business Park, Bengaluru","Rajajinagar, Bengaluru","Cessna Business Park, Bengaluru",23.99,81.88,61.43,success
2026-07-29,2026-07-29 08:00:16,Wednesday,morning_peak,home_to_office,"JP Nagar, Bengaluru","Manyata Tech Park, Bengaluru","JP Nagar, Bengaluru","Manyata Tech Park, Bengaluru",22.45,65.2,60.12,success
2026-07-29,2026-07-29 08:00:17,Wednesday,morning_peak,home_to_office,"JP Nagar, Bengaluru","Electronic City, Bengaluru","JP Nagar, Bengaluru","Electronic City, Bengaluru",16.58,27.52,29.77,success
2026-07-29,2026-07-29 08:00:17,Wednesday,morning_peak,home_to_office,"JP Nagar, Bengaluru","International Tech Park Bangalore, Bengaluru","JP Nagar, Bengaluru","International Tech Park Bangalore, Bengaluru",24.21,88.97,55.57,success
2026-07-29,2026-07-29 08:00:17,Wednesday,morning_peak,home_to_office,"JP Nagar, Bengaluru","Bagmane Tech Park, Bengaluru","JP Nagar, Bengaluru","Bagmane Tech Park, Bengaluru",16.17,64.7,54.02,success
2026-07-29,2026-07-29 08:00:17,Wednesday,morning_peak,home_to_office,"JP Nagar, Bengaluru","RMZ Ecoworld, Bengaluru","JP Nagar, Bengaluru","RMZ Ecoworld, Bengaluru",14.56,55.12,31.38,success
2026-07-29,2026-07-29 08:00:17,Wednesday,morning_peak,home_to_office,"JP Nagar, Bengaluru","Embassy TechVillage, Bengaluru","JP Nagar, Bengaluru","Embassy TechVillage, Bengaluru",15.9,59.0,33.33,success
2026-07-29,2026-07-29 08:00:18,Wednesday,morning_peak,home_to_office,"JP Nagar, Bengaluru","Global Village Tech Park, Bengaluru","JP Nagar, Bengaluru","Global Village Tech Park, Bengaluru",12.4,39.88,38.52,success
2026-07-29,2026-07-29 08:00:18,Wednesday,morning_peak,home_to_office,"JP Nagar, Bengaluru","Prestige Tech Park, Bengaluru","JP Nagar, Bengaluru","Prestige Tech Park, Bengaluru",15.0,55.8,32.5,success
2026-07-29,2026-07-29 08:00:18,Wednesday,morning_peak,home_to_office,"JP Nagar, Bengaluru","Embassy GolfLinks Business Park, Bengaluru","JP Nagar, Bengaluru","Embassy GolfLinks Business Park, Bengaluru",12.31,46.83,37.4,success
2026-07-29,2026-07-29 08:00:18,Wednesday,morning_peak,home_to_office,"JP Nagar, Bengaluru","Cessna Business Park, Bengaluru","JP Nagar, Bengaluru","Cessna Business Park, Bengaluru",15.36,56.97,31.47,success
2026-07-29,2026-07-29 08:00:19,Wednesday,morning_peak,home_to_office,"Jayanagar, Bengaluru","Manyata Tech Park, Bengaluru","Jayanagar, Bengaluru","Manyata Tech Park, Bengaluru",18.17,52.95,48.17,success
2026-07-29,2026-07-29 08:00:19,Wednesday,morning_peak,home_to_office,"Jayanagar, Bengaluru","Electronic City, Bengaluru","Jayanagar, Bengaluru","Electronic City, Bengaluru",16.7,27.2,30.62,success
2026-07-29,2026-07-29 08:00:19,Wednesday,morning_peak,home_to_office,"Jayanagar, Bengaluru","International Tech Park Bangalore, Bengaluru","Jayanagar, Bengaluru","International Tech Park Bangalore, Bengaluru",24.34,88.55,56.4,success
2026-07-29,2026-07-29 08:00:19,Wednesday,morning_peak,home_to_office,"Jayanagar, Bengaluru","Bagmane Tech Park, Bengaluru","Jayanagar, Bengaluru","Bagmane Tech Park, Bengaluru",13.23,52.13,43.13,success
2026-07-29,2026-07-29 08:00:19,Wednesday,morning_peak,home_to_office,"Jayanagar, Bengaluru","RMZ Ecoworld, Bengaluru","Jayanagar, Bengaluru","RMZ Ecoworld, Bengaluru",14.69,54.73,32.23,success
2026-07-29,2026-07-29 08:00:19,Wednesday,morning_peak,home_to_office,"Jayanagar, Bengaluru","Embassy TechVillage, Bengaluru","Jayanagar, Bengaluru","Embassy TechVillage, Bengaluru",16.02,58.6,34.18,success
2026-07-29,2026-07-29 08:00:20,Wednesday,morning_peak,home_to_office,"Jayanagar, Bengaluru","Global Village Tech Park, Bengaluru","Jayanagar, Bengaluru","Global Village Tech Park, Bengaluru",14.12,38.65,40.87,success
2026-07-29,2026-07-29 08:00:20,Wednesday,morning_peak,home_to_office,"Jayanagar, Bengaluru","Prestige Tech Park, Bengaluru","Jayanagar, Bengaluru","Prestige Tech Park, Bengaluru",15.13,56.63,33.35,success
2026-07-29,2026-07-29 08:00:20,Wednesday,morning_peak,home_to_office,"Jayanagar, Bengaluru","Embassy GolfLinks Business Park, Bengaluru","Jayanagar, Bengaluru","Embassy GolfLinks Business Park, Bengaluru",12.59,41.85,36.85,success
2026-07-29,2026-07-29 08:00:20,Wednesday,morning_peak,home_to_office,"Jayanagar, Bengaluru","Cessna Business Park, Bengaluru","Jayanagar, Bengaluru","Cessna Business Park, Bengaluru",15.49,57.9,32.32,success
2026-07-29,2026-07-29 08:00:20,Wednesday,morning_peak,home_to_office,"Banashankari, Bengaluru","Manyata Tech Park, Bengaluru","Banashankari, Bengaluru","Manyata Tech Park, Bengaluru",20.29,54.18,53.05,success
2026-07-29,2026-07-29 08:00:20,Wednesday,morning_peak,home_to_office,"Banashankari, Bengaluru","Electronic City, Bengaluru","Banashankari, Bengaluru","Electronic City, Bengaluru",20.58,44.53,43.37,success
2026-07-29,2026-07-29 08:00:20,Wednesday,morning_peak,home_to_office,"Banashankari, Bengaluru","International Tech Park Bangalore, Bengaluru","Banashankari, Bengaluru","International Tech Park Bangalore, Bengaluru",25.77,109.97,78.8,success
2026-07-29,2026-07-29 08:00:21,Wednesday,morning_peak,home_to_office,"Banashankari, Bengaluru","Bagmane Tech Park, Bengaluru","Banashankari, Bengaluru","Bagmane Tech Park, Bengaluru",16.64,65.72,55.68,success
2026-07-29,2026-07-29 08:00:21,Wednesday,morning_peak,home_to_office,"Banashankari, Bengaluru","RMZ Ecoworld, Bengaluru","Banashankari, Bengaluru","RMZ Ecoworld, Bengaluru",18.56,75.92,44.97,success
2026-07-29,2026-07-29 08:00:21,Wednesday,morning_peak,home_to_office,"Banashankari, Bengaluru","Embassy TechVillage, Bengaluru","Banashankari, Bengaluru","Embassy TechVillage, Bengaluru",19.9,80.27,46.93,success
2026-07-29,2026-07-29 08:00:21,Wednesday,morning_peak,home_to_office,"Banashankari, Bengaluru","Global Village Tech Park, Bengaluru","Banashankari, Bengaluru","Global Village Tech Park, Bengaluru",9.6,24.53,26.03,success
2026-07-29,2026-07-29 08:00:21,Wednesday,morning_peak,home_to_office,"Banashankari, Bengaluru","Prestige Tech Park, Bengaluru","Banashankari, Bengaluru","Prestige Tech Park, Bengaluru",19.0,75.8,46.08,success
2026-07-29,2026-07-29 08:00:21,Wednesday,morning_peak,home_to_office,"Banashankari, Bengaluru","Embassy GolfLinks Business Park, Bengaluru","Banashankari, Bengaluru","Embassy GolfLinks Business Park, Bengaluru",16.0,55.5,49.38,success
2026-07-29,2026-07-29 08:00:21,Wednesday,morning_peak,home_to_office,"Banashankari, Bengaluru","Cessna Business Park, Bengaluru","Banashankari, Bengaluru","Cessna Business Park, Bengaluru",19.37,77.98,45.05,success
2026-07-29,2026-07-29 08:00:22,Wednesday,morning_peak,home_to_office,"Koramangala, Bengaluru","Manyata Tech Park, Bengaluru","Koramangala, Bengaluru","Manyata Tech Park, Bengaluru",15.81,50.23,47.3,success
2026-07-29,2026-07-29 08:00:22,Wednesday,morning_peak,home_to_office,"Koramangala, Bengaluru","Electronic City, Bengaluru","Koramangala, Bengaluru","Electronic City, Bengaluru",13.6,22.72,24.95,success
2026-07-29,2026-07-29 08:00:22,Wednesday,morning_peak,home_to_office,"Koramangala, Bengaluru","International Tech Park Bangalore, Bengaluru","Koramangala, Bengaluru","International Tech Park Bangalore, Bengaluru",18.15,61.5,46.27,success
2026-07-29,2026-07-29 08:00:22,Wednesday,morning_peak,home_to_office,"Koramangala, Bengaluru","Bagmane Tech Park, Bengaluru","Koramangala, Bengaluru","Bagmane Tech Park, Bengaluru",10.68,33.95,26.3,success
2026-07-29,2026-07-29 08:00:22,Wednesday,morning_peak,home_to_office,"Koramangala, Bengaluru","RMZ Ecoworld, Bengaluru","Koramangala, Bengaluru","RMZ Ecoworld, Bengaluru",8.81,39.0,22.13,success
2026-07-29,2026-07-29 08:00:22,Wednesday,morning_peak,home_to_office,"Koramangala, Bengaluru","Embassy TechVillage, Bengaluru","Koramangala, Bengaluru","Embassy TechVillage, Bengaluru",10.14,42.57,24.1,success
2026-07-29,2026-07-29 08:00:22,Wednesday,morning_peak,home_to_office,"Koramangala, Bengaluru","Global Village Tech Park, Bengaluru","Koramangala, Bengaluru","Global Village Tech Park, Bengaluru",20.74,54.63,55.7,success
2026-07-29,2026-07-29 08:00:23,Wednesday,morning_peak,home_to_office,"Koramangala, Bengaluru","Prestige Tech Park, Bengaluru","Koramangala, Bengaluru","Prestige Tech Park, Bengaluru",9.25,40.32,23.25,success
2026-07-29,2026-07-29 08:00:23,Wednesday,morning_peak,home_to_office,"Koramangala, Bengaluru","Embassy GolfLinks Business Park, Bengaluru","Koramangala, Bengaluru","Embassy GolfLinks Business Park, Bengaluru",5.33,15.03,13.7,success
2026-07-29,2026-07-29 08:00:23,Wednesday,morning_peak,home_to_office,"Koramangala, Bengaluru","Cessna Business Park, Bengaluru","Koramangala, Bengaluru","Cessna Business Park, Bengaluru",9.61,40.57,22.22,success
2026-07-29,2026-07-29 08:00:23,Wednesday,morning_peak,home_to_office,"HSR Layout, Bengaluru","Manyata Tech Park, Bengaluru","HSR Layout, Bengaluru","Manyata Tech Park, Bengaluru",21.92,76.08,62.85,success
2026-07-29,2026-07-29 08:00:23,Wednesday,morning_peak,home_to_office,"HSR Layout, Bengaluru","Electronic City, Bengaluru","HSR Layout, Bengaluru","Electronic City, Bengaluru",13.3,23.12,25.68,success
2026-07-29,2026-07-29 08:00:23,Wednesday,morning_peak,home_to_office,"HSR Layout, Bengaluru","International Tech Park Bangalore, Bengaluru","HSR Layout, Bengaluru","International Tech Park Bangalore, Bengaluru",17.74,70.42,42.68,success
2026-07-29,2026-07-29 08:00:23,Wednesday,morning_peak,home_to_office,"HSR Layout, Bengaluru","Bagmane Tech Park, Bengaluru","HSR Layout, Bengaluru","Bagmane Tech Park, Bengaluru",14.72,55.0,40.12,success
2026-07-29,2026-07-29 08:00:24,Wednesday,morning_peak,home_to_office,"HSR Layout, Bengaluru","RMZ Ecoworld, Bengaluru","HSR Layout, Bengaluru","RMZ Ecoworld, Bengaluru",8.1,37.78,18.5,success
2026-07-29,2026-07-29 08:00:24,Wednesday,morning_peak,home_to_office,"HSR Layout, Bengaluru","Embassy TechVillage, Bengaluru","HSR Layout, Bengaluru","Embassy TechVillage, Bengaluru",9.43,41.32,20.45,success
2026-07-29,2026-07-29 08:00:24,Wednesday,morning_peak,home_to_office,"HSR Layout, Bengaluru","Global Village Tech Park, Bengaluru","HSR Layout, Bengaluru","Global Village Tech Park, Bengaluru",19.01,54.43,51.92,success
2026-07-29,2026-07-29 08:00:24,Wednesday,morning_peak,home_to_office,"HSR Layout, Bengaluru","Prestige Tech Park, Bengaluru","HSR Layout, Bengaluru","Prestige Tech Park, Bengaluru",8.53,39.12,19.62,success
2026-07-29,2026-07-29 08:00:24,Wednesday,morning_peak,home_to_office,"HSR Layout, Bengaluru","Embassy GolfLinks Business Park, Bengaluru","HSR Layout, Bengaluru","Embassy GolfLinks Business Park, Bengaluru",9.37,34.05,27.53,success
2026-07-29,2026-07-29 08:00:24,Wednesday,morning_peak,home_to_office,"HSR Layout, Bengaluru","Cessna Business Park, Bengaluru","HSR Layout, Bengaluru","Cessna Business Park, Bengaluru",8.9,39.32,18.58,success
2026-07-29,2026-07-29 08:00:24,Wednesday,morning_peak,home_to_office,"Whitefield, Bengaluru","Manyata Tech Park, Bengaluru","Whitefield, Bengaluru","Manyata Tech Park, Bengaluru",21.42,56.0,48.88,success
2026-07-29,2026-07-29 08:00:25,Wednesday,morning_peak,home_to_office,"Whitefield, Bengaluru","Electronic City, Bengaluru","Whitefield, Bengaluru","Electronic City, Bengaluru",30.97,75.87,61.45,success
2026-07-29,2026-07-29 08:00:25,Wednesday,morning_peak,home_to_office,"Whitefield, Bengaluru","International Tech Park Bangalore, Bengaluru","Whitefield, Bengaluru","International Tech Park Bangalore, Bengaluru",3.38,9.98,9.97,success
2026-07-29,2026-07-29 08:00:25,Wednesday,morning_peak,home_to_office,"Whitefield, Bengaluru","Bagmane Tech Park, Bengaluru","Whitefield, Bengaluru","Bagmane Tech Park, Bengaluru",16.72,55.77,44.43,success
2026-07-29,2026-07-29 08:00:25,Wednesday,morning_peak,home_to_office,"Whitefield, Bengaluru","RMZ Ecoworld, Bengaluru","Whitefield, Bengaluru","RMZ Ecoworld, Bengaluru",11.15,53.53,29.3,success
2026-07-29,2026-07-29 08:00:25,Wednesday,morning_peak,home_to_office,"Whitefield, Bengaluru","Embassy TechVillage, Bengaluru","Whitefield, Bengaluru","Embassy TechVillage, Bengaluru",9.46,48.82,25.45,success
2026-07-29,2026-07-29 08:00:25,Wednesday,morning_peak,home_to_office,"Whitefield, Bengaluru","Global Village Tech Park, Bengaluru","Whitefield, Bengaluru","Global Village Tech Park, Bengaluru",33.63,111.87,83.47,success
2026-07-29,2026-07-29 08:00:25,Wednesday,morning_peak,home_to_office,"Whitefield, Bengaluru","Prestige Tech Park, Bengaluru","Whitefield, Bengaluru","Prestige Tech Park, Bengaluru",9.13,50.47,25.48,success
2026-07-29,2026-07-29 08:00:26,Wednesday,morning_peak,home_to_office,"Whitefield, Bengaluru","Embassy GolfLinks Business Park, Bengaluru","Whitefield, Bengaluru","Embassy GolfLinks Business Park, Bengaluru",14.26,72.18,38.07,success
2026-07-29,2026-07-29 08:00:26,Wednesday,morning_peak,home_to_office,"Whitefield, Bengaluru","Cessna Business Park, Bengaluru","Whitefield, Bengaluru","Cessna Business Park, Bengaluru",8.92,47.9,23.58,success
2026-07-29,2026-07-29 08:00:26,Wednesday,morning_peak,home_to_office,"Marathahalli, Bengaluru","Manyata Tech Park, Bengaluru","Marathahalli, Bengaluru","Manyata Tech Park, Bengaluru",16.0,29.98,29.4,success
2026-07-29,2026-07-29 08:00:26,Wednesday,morning_peak,home_to_office,"Marathahalli, Bengaluru","Electronic City, Bengaluru","Marathahalli, Bengaluru","Electronic City, Bengaluru",23.85,44.5,42.52,success
2026-07-29,2026-07-29 08:00:26,Wednesday,morning_peak,home_to_office,"Marathahalli, Bengaluru","International Tech Park Bangalore, Bengaluru","Marathahalli, Bengaluru","International Tech Park Bangalore, Bengaluru",8.3,26.03,23.4,success
2026-07-29,2026-07-29 08:00:26,Wednesday,morning_peak,home_to_office,"Marathahalli, Bengaluru","Bagmane Tech Park, Bengaluru","Marathahalli, Bengaluru","Bagmane Tech Park, Bengaluru",7.59,20.97,19.3,success
2026-07-29,2026-07-29 08:00:26,Wednesday,morning_peak,home_to_office,"Marathahalli, Bengaluru","RMZ Ecoworld, Bengaluru","Marathahalli, Bengaluru","RMZ Ecoworld, Bengaluru",7.07,18.53,14.58,success
2026-07-29,2026-07-29 08:00:27,Wednesday,morning_peak,home_to_office,"Marathahalli, Bengaluru","Embassy TechVillage, Bengaluru","Marathahalli, Bengaluru","Embassy TechVillage, Bengaluru",5.38,14.2,10.75,success
2026-07-29,2026-07-29 08:00:27,Wednesday,morning_peak,home_to_office,"Marathahalli, Bengaluru","Global Village Tech Park, Bengaluru","Marathahalli, Bengaluru","Global Village Tech Park, Bengaluru",26.06,69.68,68.9,success
2026-07-29,2026-07-29 08:00:27,Wednesday,morning_peak,home_to_office,"Marathahalli, Bengaluru","Prestige Tech Park, Bengaluru","Marathahalli, Bengaluru","Prestige Tech Park, Bengaluru",5.06,14.2,11.2,success
2026-07-29,2026-07-29 08:00:27,Wednesday,morning_peak,home_to_office,"Marathahalli, Bengaluru","Embassy GolfLinks Business Park, Bengaluru","Marathahalli, Bengaluru","Embassy GolfLinks Business Park, Bengaluru",7.87,23.92,20.7,success
2026-07-29,2026-07-29 08:00:27,Wednesday,morning_peak,home_to_office,"Marathahalli, Bengaluru","Cessna Business Park, Bengaluru","Marathahalli, Bengaluru","Cessna Business Park, Bengaluru",4.85,12.38,8.87,success
2026-07-29,2026-07-29 08:00:27,Wednesday,morning_peak,home_to_office,"Hebbal, Bengaluru","Manyata Tech Park, Bengaluru","Hebbal, Bengaluru","Manyata Tech Park, Bengaluru",3.66,14.92,14.27,success
2026-07-29,2026-07-29 08:00:27,Wednesday,morning_peak,home_to_office,"Hebbal, Bengaluru","Electronic City, Bengaluru","Hebbal, Bengaluru","Electronic City, Bengaluru",27.57,73.15,65.52,success
2026-07-29,2026-07-29 08:00:28,Wednesday,morning_peak,home_to_office,"Hebbal, Bengaluru","International Tech Park Bangalore, Bengaluru","Hebbal, Bengaluru","International Tech Park Bangalore, Bengaluru",19.97,81.93,49.97,success
2026-07-29,2026-07-29 08:00:28,Wednesday,morning_peak,home_to_office,"Hebbal, Bengaluru","Bagmane Tech Park, Bengaluru","Hebbal, Bengaluru","Bagmane Tech Park, Bengaluru",14.65,52.75,43.42,success
2026-07-29,2026-07-29 08:00:28,Wednesday,morning_peak,home_to_office,"Hebbal, Bengaluru","RMZ Ecoworld, Bengaluru","Hebbal, Bengaluru","RMZ Ecoworld, Bengaluru",23.11,102.43,50.93,success
2026-07-29,2026-07-29 08:00:28,Wednesday,morning_peak,home_to_office,"Hebbal, Bengaluru","Embassy TechVillage, Bengaluru","Hebbal, Bengaluru","Embassy TechVillage, Bengaluru",21.42,97.08,47.1,success
2026-07-29,2026-07-29 08:00:28,Wednesday,morning_peak,home_to_office,"Hebbal, Bengaluru","Global Village Tech Park, Bengaluru","Hebbal, Bengaluru","Global Village Tech Park, Bengaluru",23.74,55.75,57.35,success
2026-07-29,2026-07-29 08:00:28,Wednesday,morning_peak,home_to_office,"Hebbal, Bengaluru","Prestige Tech Park, Bengaluru","Hebbal, Bengaluru","Prestige Tech Park, Bengaluru",24.45,93.55,64.83,success
2026-07-29,2026-07-29 08:00:29,Wednesday,morning_peak,home_to_office,"Hebbal, Bengaluru","Embassy GolfLinks Business Park, Bengaluru","Hebbal, Bengaluru","Embassy GolfLinks Business Park, Bengaluru",16.03,48.32,41.62,success
2026-07-29,2026-07-29 08:00:29,Wednesday,morning_peak,home_to_office,"Hebbal, Bengaluru","Cessna Business Park, Bengaluru","Hebbal, Bengaluru","Cessna Business Park, Bengaluru",20.89,94.48,45.22,success
2026-07-29,2026-07-29 08:00:29,Wednesday,morning_peak,home_to_office,"Yelahanka, Bengaluru","Manyata Tech Park, Bengaluru","Yelahanka, Bengaluru","Manyata Tech Park, Bengaluru",15.52,22.42,22.35,success
2026-07-29,2026-07-29 08:00:29,Wednesday,morning_peak,home_to_office,"Yelahanka, Bengaluru","Electronic City, Bengaluru","Yelahanka, Bengaluru","Electronic City, Bengaluru",38.91,86.18,76.05,success
2026-07-29,2026-07-29 08:00:29,Wednesday,morning_peak,home_to_office,"Yelahanka, Bengaluru","International Tech Park Bangalore, Bengaluru","Yelahanka, Bengaluru","International Tech Park Bangalore, Bengaluru",31.82,90.98,58.03,success
2026-07-29,2026-07-29 08:00:29,Wednesday,morning_peak,home_to_office,"Yelahanka, Bengaluru","Bagmane Tech Park, Bengaluru","Yelahanka, Bengaluru","Bagmane Tech Park, Bengaluru",25.98,66.78,53.95,success
2026-07-29,2026-07-29 08:00:29,Wednesday,morning_peak,home_to_office,"Yelahanka, Bengaluru","RMZ Ecoworld, Bengaluru","Yelahanka, Bengaluru","RMZ Ecoworld, Bengaluru",34.95,112.53,59.0,success
2026-07-29,2026-07-29 08:00:30,Wednesday,morning_peak,home_to_office,"Yelahanka, Bengaluru","Embassy TechVillage, Bengaluru","Yelahanka, Bengaluru","Embassy TechVillage, Bengaluru",33.27,107.3,55.17,success
2026-07-29,2026-07-29 08:00:30,Wednesday,morning_peak,home_to_office,"Yelahanka, Bengaluru","Global Village Tech Park, Bengaluru","Yelahanka, Bengaluru","Global Village Tech Park, Bengaluru",35.86,65.78,65.2,success
2026-07-29,2026-07-29 08:00:30,Wednesday,morning_peak,home_to_office,"Yelahanka, Bengaluru","Prestige Tech Park, Bengaluru","Yelahanka, Bengaluru","Prestige Tech Park, Bengaluru",32.94,107.98,55.62,success
2026-07-29,2026-07-29 08:00:30,Wednesday,morning_peak,home_to_office,"Yelahanka, Bengaluru","Embassy GolfLinks Business Park, Bengaluru","Yelahanka, Bengaluru","Embassy GolfLinks Business Park, Bengaluru",27.36,61.07,52.13,success
2026-07-29,2026-07-29 08:00:30,Wednesday,morning_peak,home_to_office,"Yelahanka, Bengaluru","Cessna Business Park, Bengaluru","Yelahanka, Bengaluru","Cessna Business Park, Bengaluru",32.73,104.42,53.28,success
2026-07-29,2026-07-29 08:00:30,Wednesday,morning_peak,home_to_office,"Rajajinagar, Bengaluru","Manyata Tech Park, Bengaluru","Rajajinagar, Bengaluru","Manyata Tech Park, Bengaluru",13.2,30.38,30.53,success
2026-07-29,2026-07-29 08:00:31,Wednesday,morning_peak,home_to_office,"Rajajinagar, Bengaluru","Electronic City, Bengaluru","Rajajinagar, Bengaluru","Electronic City, Bengaluru",40.39,57.75,60.27,success
2026-07-29,2026-07-29 08:00:31,Wednesday,morning_peak,home_to_office,"Rajajinagar, Bengaluru","International Tech Park Bangalore, Bengaluru","Rajajinagar, Bengaluru","International Tech Park Bangalore, Bengaluru",29.5,100.9,66.22,success
2026-07-29,2026-07-29 08:00:31,Wednesday,morning_peak,home_to_office,"Rajajinagar, Bengaluru","Bagmane Tech Park, Bengaluru","Rajajinagar, Bengaluru","Bagmane Tech Park, Bengaluru",14.53,53.48,44.13,success
2026-07-29,2026-07-29 08:00:31,Wednesday,morning_peak,home_to_office,"Rajajinagar, Bengaluru","RMZ Ecoworld, Bengaluru","Rajajinagar, Bengaluru","RMZ Ecoworld, Bengaluru",21.83,99.55,60.15,success
2026-07-29,2026-07-29 08:00:31,Wednesday,morning_peak,home_to_office,"Rajajinagar, Bengaluru","Embassy TechVillage, Bengaluru","Rajajinagar, Bengaluru","Embassy TechVillage, Bengaluru",23.17,104.77,62.12,success
2026-07-29,2026-07-29 08:00:31,Wednesday,morning_peak,home_to_office,"Rajajinagar, Bengaluru","Global Village Tech Park, Bengaluru","Rajajinagar, Bengaluru","Global Village Tech Park, Bengaluru",14.68,34.8,36.67,success
2026-07-29,2026-07-29 08:00:32,Wednesday,morning_peak,home_to_office,"Rajajinagar, Bengaluru","Prestige Tech Park, Bengaluru","Rajajinagar, Bengaluru","Prestige Tech Park, Bengaluru",22.63,94.5,63.93,success
2026-07-29,2026-07-29 08:00:32,Wednesday,morning_peak,home_to_office,"Rajajinagar, Bengaluru","Embassy GolfLinks Business Park, Bengaluru","Rajajinagar, Bengaluru","Embassy GolfLinks Business Park, Bengaluru",15.03,47.97,41.87,success
2026-07-29,2026-07-29 08:00:32,Wednesday,morning_peak,home_to_office,"Rajajinagar, Bengaluru","Cessna Business Park, Bengaluru","Rajajinagar, Bengaluru","Cessna Business Park, Bengaluru",22.63,101.92,60.23,success
2026-07-29,2026-07-29 12:00:27,Wednesday,baseline,home_to_office,"JP Nagar, Bengaluru","Manyata Tech Park, Bengaluru","JP Nagar, Bengaluru","Manyata Tech Park, Bengaluru",20.82,83.0,64.43,success
2026-07-29,2026-07-29 12:00:28,Wednesday,baseline,home_to_office,"JP Nagar, Bengaluru","Electronic City, Bengaluru","JP Nagar, Bengaluru","Electronic City, Bengaluru",16.58,35.45,29.77,success
2026-07-29,2026-07-29 12:00:28,Wednesday,baseline,home_to_office,"JP Nagar, Bengaluru","International Tech Park Bangalore, Bengaluru","JP Nagar, Bengaluru","International Tech Park Bangalore, Bengaluru",24.21,89.73,55.57,success
2026-07-29,2026-07-29 12:00:28,Wednesday,baseline,home_to_office,"JP Nagar, Bengaluru","Bagmane Tech Park, Bengaluru","JP Nagar, Bengaluru","Bagmane Tech Park, Bengaluru",17.66,61.08,50.0,success
2026-07-29,2026-07-29 12:00:28,Wednesday,baseline,home_to_office,"JP Nagar, Bengaluru","RMZ Ecoworld, Bengaluru","JP Nagar, Bengaluru","RMZ Ecoworld, Bengaluru",14.56,51.85,31.38,success
2026-07-29,2026-07-29 12:00:29,Wednesday,baseline,home_to_office,"JP Nagar, Bengaluru","Embassy TechVillage, Bengaluru","JP Nagar, Bengaluru","Embassy TechVillage, Bengaluru",15.9,59.03,33.33,success
2026-07-29,2026-07-29 12:00:29,Wednesday,baseline,home_to_office,"JP Nagar, Bengaluru","Global Village Tech Park, Bengaluru","JP Nagar, Bengaluru","Global Village Tech Park, Bengaluru",14.36,43.85,39.7,success
2026-07-29,2026-07-29 12:00:29,Wednesday,baseline,home_to_office,"JP Nagar, Bengaluru","Prestige Tech Park, Bengaluru","JP Nagar, Bengaluru","Prestige Tech Park, Bengaluru",15.0,54.58,32.5,success
2026-07-29,2026-07-29 12:00:29,Wednesday,baseline,home_to_office,"JP Nagar, Bengaluru","Embassy GolfLinks Business Park, Bengaluru","JP Nagar, Bengaluru","Embassy GolfLinks Business Park, Bengaluru",12.31,45.55,37.4,success
2026-07-29,2026-07-29 12:00:30,Wednesday,baseline,home_to_office,"JP Nagar, Bengaluru","Cessna Business Park, Bengaluru","JP Nagar, Bengaluru","Cessna Business Park, Bengaluru",15.36,54.95,31.47,success
2026-07-29,2026-07-29 12:00:30,Wednesday,baseline,home_to_office,"Jayanagar, Bengaluru","Manyata Tech Park, Bengaluru","Jayanagar, Bengaluru","Manyata Tech Park, Bengaluru",17.89,66.63,53.55,success
2026-07-29,2026-07-29 12:00:30,Wednesday,baseline,home_to_office,"Jayanagar, Bengaluru","Electronic City, Bengaluru","Jayanagar, Bengaluru","Electronic City, Bengaluru",16.7,33.73,30.62,success
2026-07-29,2026-07-29 12:00:30,Wednesday,baseline,home_to_office,"Jayanagar, Bengaluru","International Tech Park Bangalore, Bengaluru","Jayanagar, Bengaluru","International Tech Park Bangalore, Bengaluru",22.36,88.25,66.27,success
2026-07-29,2026-07-29 12:00:31,Wednesday,baseline,home_to_office,"Jayanagar, Bengaluru","Bagmane Tech Park, Bengaluru","Jayanagar, Bengaluru","Bagmane Tech Park, Bengaluru",13.23,57.23,43.13,success
2026-07-29,2026-07-29 12:00:31,Wednesday,baseline,home_to_office,"Jayanagar, Bengaluru","RMZ Ecoworld, Bengaluru","Jayanagar, Bengaluru","RMZ Ecoworld, Bengaluru",14.69,49.87,32.23,success
2026-07-29,2026-07-29 12:00:31,Wednesday,baseline,home_to_office,"Jayanagar, Bengaluru","Embassy TechVillage, Bengaluru","Jayanagar, Bengaluru","Embassy TechVillage, Bengaluru",16.02,57.05,34.18,success
2026-07-29,2026-07-29 12:00:31,Wednesday,baseline,home_to_office,"Jayanagar, Bengaluru","Global Village Tech Park, Bengaluru","Jayanagar, Bengaluru","Global Village Tech Park, Bengaluru",14.12,43.47,40.87,success
2026-07-29,2026-07-29 12:00:31,Wednesday,baseline,home_to_office,"Jayanagar, Bengaluru","Prestige Tech Park, Bengaluru","Jayanagar, Bengaluru","Prestige Tech Park, Bengaluru",15.13,52.6,33.35,success
2026-07-29,2026-07-29 12:00:31,Wednesday,baseline,home_to_office,"Jayanagar, Bengaluru","Embassy GolfLinks Business Park, Bengaluru","Jayanagar, Bengaluru","Embassy GolfLinks Business Park, Bengaluru",11.79,42.32,35.1,success
2026-07-29,2026-07-29 12:00:32,Wednesday,baseline,home_to_office,"Jayanagar, Bengaluru","Cessna Business Park, Bengaluru","Jayanagar, Bengaluru","Cessna Business Park, Bengaluru",15.49,53.02,32.32,success
2026-07-29,2026-07-29 12:00:32,Wednesday,baseline,home_to_office,"Banashankari, Bengaluru","Manyata Tech Park, Bengaluru","Banashankari, Bengaluru","Manyata Tech Park, Bengaluru",20.29,72.25,53.05,success
2026-07-29,2026-07-29 12:00:32,Wednesday,baseline,home_to_office,"Banashankari, Bengaluru","Electronic City, Bengaluru","Banashankari, Bengaluru","Electronic City, Bengaluru",34.14,48.1,47.9,success
2026-07-29,2026-07-29 12:00:32,Wednesday,baseline,home_to_office,"Banashankari, Bengaluru","International Tech Park Bangalore, Bengaluru","Banashankari, Bengaluru","International Tech Park Bangalore, Bengaluru",25.77,101.85,78.8,success
2026-07-29,2026-07-29 12:00:32,Wednesday,baseline,home_to_office,"Banashankari, Bengaluru","Bagmane Tech Park, Bengaluru","Banashankari, Bengaluru","Bagmane Tech Park, Bengaluru",16.64,71.38,55.68,success
2026-07-29,2026-07-29 12:00:33,Wednesday,baseline,home_to_office,"Banashankari, Bengaluru","RMZ Ecoworld, Bengaluru","Banashankari, Bengaluru","RMZ Ecoworld, Bengaluru",18.56,67.82,44.97,success
2026-07-29,2026-07-29 12:00:33,Wednesday,baseline,home_to_office,"Banashankari, Bengaluru","Embassy TechVillage, Bengaluru","Banashankari, Bengaluru","Embassy TechVillage, Bengaluru",19.9,76.08,46.93,success
2026-07-29,2026-07-29 12:00:33,Wednesday,baseline,home_to_office,"Banashankari, Bengaluru","Global Village Tech Park, Bengaluru","Banashankari, Bengaluru","Global Village Tech Park, Bengaluru",9.6,27.25,26.03,success
2026-07-29,2026-07-29 12:00:33,Wednesday,baseline,home_to_office,"Banashankari, Bengaluru","Prestige Tech Park, Bengaluru","Banashankari, Bengaluru","Prestige Tech Park, Bengaluru",19.0,70.55,46.08,success
2026-07-29,2026-07-29 12:00:33,Wednesday,baseline,home_to_office,"Banashankari, Bengaluru","Embassy GolfLinks Business Park, Bengaluru","Banashankari, Bengaluru","Embassy GolfLinks Business Park, Bengaluru",16.0,60.07,49.38,success
2026-07-29,2026-07-29 12:00:34,Wednesday,baseline,home_to_office,"Banashankari, Bengaluru","Cessna Business Park, Bengaluru","Banashankari, Bengaluru","Cessna Business Park, Bengaluru",19.37,71.42,45.05,success
2026-07-29,2026-07-29 12:00:34,Wednesday,baseline,home_to_office,"Koramangala, Bengaluru","Manyata Tech Park, Bengaluru","Koramangala, Bengaluru","Manyata Tech Park, Bengaluru",18.27,60.02,45.03,success
2026-07-29,2026-07-29 12:00:34,Wednesday,baseline,home_to_office,"Koramangala, Bengaluru","Electronic City, Bengaluru","Koramangala, Bengaluru","Electronic City, Bengaluru",13.6,24.78,24.95,success
2026-07-29,2026-07-29 12:00:34,Wednesday,baseline,home_to_office,"Koramangala, Bengaluru","International Tech Park Bangalore, Bengaluru","Koramangala, Bengaluru","International Tech Park Bangalore, Bengaluru",18.15,62.13,46.27,success
2026-07-29,2026-07-29 12:00:34,Wednesday,baseline,home_to_office,"Koramangala, Bengaluru","Bagmane Tech Park, Bengaluru","Koramangala, Bengaluru","Bagmane Tech Park, Bengaluru",10.68,33.68,26.3,success
2026-07-29,2026-07-29 12:00:35,Wednesday,baseline,home_to_office,"Koramangala, Bengaluru","RMZ Ecoworld, Bengaluru","Koramangala, Bengaluru","RMZ Ecoworld, Bengaluru",8.81,37.45,22.13,success
2026-07-29,2026-07-29 12:00:35,Wednesday,baseline,home_to_office,"Koramangala, Bengaluru","Embassy TechVillage, Bengaluru","Koramangala, Bengaluru","Embassy TechVillage, Bengaluru",10.14,44.4,24.1,success
2026-07-29,2026-07-29 12:00:35,Wednesday,baseline,home_to_office,"Koramangala, Bengaluru","Global Village Tech Park, Bengaluru","Koramangala, Bengaluru","Global Village Tech Park, Bengaluru",20.74,64.92,55.7,success
2026-07-29,2026-07-29 12:00:35,Wednesday,baseline,home_to_office,"Koramangala, Bengaluru","Prestige Tech Park, Bengaluru","Koramangala, Bengaluru","Prestige Tech Park, Bengaluru",9.25,40.3,23.25,success
2026-07-29,2026-07-29 12:00:35,Wednesday,baseline,home_to_office,"Koramangala, Bengaluru","Embassy GolfLinks Business Park, Bengaluru","Koramangala, Bengaluru","Embassy GolfLinks Business Park, Bengaluru",5.33,18.07,13.7,success
2026-07-29,2026-07-29 12:00:36,Wednesday,baseline,home_to_office,"Koramangala, Bengaluru","Cessna Business Park, Bengaluru","Koramangala, Bengaluru","Cessna Business Park, Bengaluru",9.61,40.65,22.22,success
2026-07-29,2026-07-29 12:00:36,Wednesday,baseline,home_to_office,"HSR Layout, Bengaluru","Manyata Tech Park, Bengaluru","HSR Layout, Bengaluru","Manyata Tech Park, Bengaluru",26.46,71.7,49.72,success
2026-07-29,2026-07-29 12:00:36,Wednesday,baseline,home_to_office,"HSR Layout, Bengaluru","Electronic City, Bengaluru","HSR Layout, Bengaluru","Electronic City, Bengaluru",13.3,26.7,25.68,success
2026-07-29,2026-07-29 12:00:36,Wednesday,baseline,home_to_office,"HSR Layout, Bengaluru","International Tech Park Bangalore, Bengaluru","HSR Layout, Bengaluru","International Tech Park Bangalore, Bengaluru",17.74,69.8,42.68,success
2026-07-29,2026-07-29 12:00:36,Wednesday,baseline,home_to_office,"HSR Layout, Bengaluru","Bagmane Tech Park, Bengaluru","HSR Layout, Bengaluru","Bagmane Tech Park, Bengaluru",14.72,51.02,40.12,success
2026-07-29,2026-07-29 12:00:37,Wednesday,baseline,home_to_office,"HSR Layout, Bengaluru","RMZ Ecoworld, Bengaluru","HSR Layout, Bengaluru","RMZ Ecoworld, Bengaluru",8.1,31.07,18.5,success
2026-07-29,2026-07-29 12:00:37,Wednesday,baseline,home_to_office,"HSR Layout, Bengaluru","Embassy TechVillage, Bengaluru","HSR Layout, Bengaluru","Embassy TechVillage, Bengaluru",9.43,38.27,20.45,success
2026-07-29,2026-07-29 12:00:37,Wednesday,baseline,home_to_office,"HSR Layout, Bengaluru","Global Village Tech Park, Bengaluru","HSR Layout, Bengaluru","Global Village Tech Park, Bengaluru",19.01,61.62,51.92,success
2026-07-29,2026-07-29 12:00:37,Wednesday,baseline,home_to_office,"HSR Layout, Bengaluru","Prestige Tech Park, Bengaluru","HSR Layout, Bengaluru","Prestige Tech Park, Bengaluru",8.53,34.12,19.62,success
2026-07-29,2026-07-29 12:00:37,Wednesday,baseline,home_to_office,"HSR Layout, Bengaluru","Embassy GolfLinks Business Park, Bengaluru","HSR Layout, Bengaluru","Embassy GolfLinks Business Park, Bengaluru",9.37,35.52,27.53,success
2026-07-29,2026-07-29 12:00:37,Wednesday,baseline,home_to_office,"HSR Layout, Bengaluru","Cessna Business Park, Bengaluru","HSR Layout, Bengaluru","Cessna Business Park, Bengaluru",8.9,34.48,18.58,success
2026-07-29,2026-07-29 12:00:38,Wednesday,baseline,home_to_office,"Whitefield, Bengaluru","Manyata Tech Park, Bengaluru","Whitefield, Bengaluru","Manyata Tech Park, Bengaluru",21.42,57.97,48.88,success
2026-07-29,2026-07-29 12:00:38,Wednesday,baseline,home_to_office,"Whitefield, Bengaluru","Electronic City, Bengaluru","Whitefield, Bengaluru","Electronic City, Bengaluru",27.92,78.42,57.22,success
2026-07-29,2026-07-29 12:00:38,Wednesday,baseline,home_to_office,"Whitefield, Bengaluru","International Tech Park Bangalore, Bengaluru","Whitefield, Bengaluru","International Tech Park Bangalore, Bengaluru",3.38,11.77,9.97,success
2026-07-29,2026-07-29 12:00:38,Wednesday,baseline,home_to_office,"Whitefield, Bengaluru","Bagmane Tech Park, Bengaluru","Whitefield, Bengaluru","Bagmane Tech Park, Bengaluru",13.99,49.18,36.67,success
2026-07-29,2026-07-29 12:00:38,Wednesday,baseline,home_to_office,"Whitefield, Bengaluru","RMZ Ecoworld, Bengaluru","Whitefield, Bengaluru","RMZ Ecoworld, Bengaluru",11.15,45.77,29.3,success
2026-07-29,2026-07-29 12:00:38,Wednesday,baseline,home_to_office,"Whitefield, Bengaluru","Embassy TechVillage, Bengaluru","Whitefield, Bengaluru","Embassy TechVillage, Bengaluru",9.46,41.1,25.45,success
2026-07-29,2026-07-29 12:00:39,Wednesday,baseline,home_to_office,"Whitefield, Bengaluru","Global Village Tech Park, Bengaluru","Whitefield, Bengaluru","Global Village Tech Park, Bengaluru",33.63,111.78,83.47,success
2026-07-29,2026-07-29 12:00:39,Wednesday,baseline,home_to_office,"Whitefield, Bengaluru","Prestige Tech Park, Bengaluru","Whitefield, Bengaluru","Prestige Tech Park, Bengaluru",9.13,41.17,25.48,success
2026-07-29,2026-07-29 12:00:39,Wednesday,baseline,home_to_office,"Whitefield, Bengaluru","Embassy GolfLinks Business Park, Bengaluru","Whitefield, Bengaluru","Embassy GolfLinks Business Park, Bengaluru",14.26,57.8,38.07,success
2026-07-29,2026-07-29 12:00:40,Wednesday,baseline,home_to_office,"Whitefield, Bengaluru","Cessna Business Park, Bengaluru","Whitefield, Bengaluru","Cessna Business Park, Bengaluru",8.92,37.3,23.58,success
2026-07-29,2026-07-29 12:00:40,Wednesday,baseline,home_to_office,"Marathahalli, Bengaluru","Manyata Tech Park, Bengaluru","Marathahalli, Bengaluru","Manyata Tech Park, Bengaluru",16.0,32.43,29.4,success
2026-07-29,2026-07-29 12:00:40,Wednesday,baseline,home_to_office,"Marathahalli, Bengaluru","Electronic City, Bengaluru","Marathahalli, Bengaluru","Electronic City, Bengaluru",23.85,50.22,42.52,success
2026-07-29,2026-07-29 12:00:40,Wednesday,baseline,home_to_office,"Marathahalli, Bengaluru","International Tech Park Bangalore, Bengaluru","Marathahalli, Bengaluru","International Tech Park Bangalore, Bengaluru",8.3,27.5,23.4,success
2026-07-29,2026-07-29 12:00:40,Wednesday,baseline,home_to_office,"Marathahalli, Bengaluru","Bagmane Tech Park, Bengaluru","Marathahalli, Bengaluru","Bagmane Tech Park, Bengaluru",7.59,20.43,19.3,success
2026-07-29,2026-07-29 12:00:41,Wednesday,baseline,home_to_office,"Marathahalli, Bengaluru","RMZ Ecoworld, Bengaluru","Marathahalli, Bengaluru","RMZ Ecoworld, Bengaluru",7.07,17.22,14.58,success
2026-07-29,2026-07-29 12:00:41,Wednesday,baseline,home_to_office,"Marathahalli, Bengaluru","Embassy TechVillage, Bengaluru","Marathahalli, Bengaluru","Embassy TechVillage, Bengaluru",5.38,12.82,10.75,success
2026-07-29,2026-07-29 12:00:41,Wednesday,baseline,home_to_office,"Marathahalli, Bengaluru","Global Village Tech Park, Bengaluru","Marathahalli, Bengaluru","Global Village Tech Park, Bengaluru",29.56,84.7,68.75,success
2026-07-29,2026-07-29 12:00:41,Wednesday,baseline,home_to_office,"Marathahalli, Bengaluru","Prestige Tech Park, Bengaluru","Marathahalli, Bengaluru","Prestige Tech Park, Bengaluru",5.06,16.88,11.2,success
2026-07-29,2026-07-29 12:00:41,Wednesday,baseline,home_to_office,"Marathahalli, Bengaluru","Embassy GolfLinks Business Park, Bengaluru","Marathahalli, Bengaluru","Embassy GolfLinks Business Park, Bengaluru",8.7,27.87,24.68,success
2026-07-29,2026-07-29 12:00:41,Wednesday,baseline,home_to_office,"Marathahalli, Bengaluru","Cessna Business Park, Bengaluru","Marathahalli, Bengaluru","Cessna Business Park, Bengaluru",4.85,8.83,8.87,success
2026-07-29,2026-07-29 12:00:42,Wednesday,baseline,home_to_office,"Hebbal, Bengaluru","Manyata Tech Park, Bengaluru","Hebbal, Bengaluru","Manyata Tech Park, Bengaluru",3.66,19.95,14.27,success
2026-07-29,2026-07-29 12:00:42,Wednesday,baseline,home_to_office,"Hebbal, Bengaluru","Electronic City, Bengaluru","Hebbal, Bengaluru","Electronic City, Bengaluru",27.57,81.25,65.52,success
2026-07-29,2026-07-29 12:00:42,Wednesday,baseline,home_to_office,"Hebbal, Bengaluru","International Tech Park Bangalore, Bengaluru","Hebbal, Bengaluru","International Tech Park Bangalore, Bengaluru",19.97,70.95,49.97,success
2026-07-29,2026-07-29 12:00:42,Wednesday,baseline,home_to_office,"Hebbal, Bengaluru","Bagmane Tech Park, Bengaluru","Hebbal, Bengaluru","Bagmane Tech Park, Bengaluru",12.54,48.55,43.27,success
2026-07-29,2026-07-29 12:00:43,Wednesday,baseline,home_to_office,"Hebbal, Bengaluru","RMZ Ecoworld, Bengaluru","Hebbal, Bengaluru","RMZ Ecoworld, Bengaluru",23.11,75.8,50.93,success
2026-07-29,2026-07-29 12:00:43,Wednesday,baseline,home_to_office,"Hebbal, Bengaluru","Embassy TechVillage, Bengaluru","Hebbal, Bengaluru","Embassy TechVillage, Bengaluru",21.42,71.0,47.1,success
2026-07-29,2026-07-29 12:00:43,Wednesday,baseline,home_to_office,"Hebbal, Bengaluru","Global Village Tech Park, Bengaluru","Hebbal, Bengaluru","Global Village Tech Park, Bengaluru",22.73,69.6,56.9,success
2026-07-29,2026-07-29 12:00:43,Wednesday,baseline,home_to_office,"Hebbal, Bengaluru","Prestige Tech Park, Bengaluru","Hebbal, Bengaluru","Prestige Tech Park, Bengaluru",21.1,71.17,47.55,success
2026-07-29,2026-07-29 12:00:43,Wednesday,baseline,home_to_office,"Hebbal, Bengaluru","Embassy GolfLinks Business Park, Bengaluru","Hebbal, Bengaluru","Embassy GolfLinks Business Park, Bengaluru",16.03,54.28,41.62,success
2026-07-29,2026-07-29 12:00:43,Wednesday,baseline,home_to_office,"Hebbal, Bengaluru","Cessna Business Park, Bengaluru","Hebbal, Bengaluru","Cessna Business Park, Bengaluru",20.89,66.57,45.22,success
2026-07-29,2026-07-29 12:00:44,Wednesday,baseline,home_to_office,"Yelahanka, Bengaluru","Manyata Tech Park, Bengaluru","Yelahanka, Bengaluru","Manyata Tech Park, Bengaluru",14.31,33.12,26.45,success
2026-07-29,2026-07-29 12:00:44,Wednesday,baseline,home_to_office,"Yelahanka, Bengaluru","Electronic City, Bengaluru","Yelahanka, Bengaluru","Electronic City, Bengaluru",38.91,98.45,76.05,success
2026-07-29,2026-07-29 12:00:44,Wednesday,baseline,home_to_office,"Yelahanka, Bengaluru","International Tech Park Bangalore, Bengaluru","Yelahanka, Bengaluru","International Tech Park Bangalore, Bengaluru",38.72,80.85,68.73,success
2026-07-29,2026-07-29 12:00:44,Wednesday,baseline,home_to_office,"Yelahanka, Bengaluru","Bagmane Tech Park, Bengaluru","Yelahanka, Bengaluru","Bagmane Tech Park, Bengaluru",25.98,69.85,53.95,success
2026-07-29,2026-07-29 12:00:44,Wednesday,baseline,home_to_office,"Yelahanka, Bengaluru","RMZ Ecoworld, Bengaluru","Yelahanka, Bengaluru","RMZ Ecoworld, Bengaluru",34.95,91.92,59.0,success
2026-07-29,2026-07-29 12:00:44,Wednesday,baseline,home_to_office,"Yelahanka, Bengaluru","Embassy TechVillage, Bengaluru","Yelahanka, Bengaluru","Embassy TechVillage, Bengaluru",33.27,87.32,55.17,success
2026-07-29,2026-07-29 12:00:45,Wednesday,baseline,home_to_office,"Yelahanka, Bengaluru","Global Village Tech Park, Bengaluru","Yelahanka, Bengaluru","Global Village Tech Park, Bengaluru",35.86,86.0,65.2,success
2026-07-29,2026-07-29 12:00:45,Wednesday,baseline,home_to_office,"Yelahanka, Bengaluru","Prestige Tech Park, Bengaluru","Yelahanka, Bengaluru","Prestige Tech Park, Bengaluru",32.94,86.35,55.62,success
2026-07-29,2026-07-29 12:00:45,Wednesday,baseline,home_to_office,"Yelahanka, Bengaluru","Embassy GolfLinks Business Park, Bengaluru","Yelahanka, Bengaluru","Embassy GolfLinks Business Park, Bengaluru",27.36,70.58,52.13,success
2026-07-29,2026-07-29 12:00:45,Wednesday,baseline,home_to_office,"Yelahanka, Bengaluru","Cessna Business Park, Bengaluru","Yelahanka, Bengaluru","Cessna Business Park, Bengaluru",32.73,82.13,53.28,success
2026-07-29,2026-07-29 12:00:46,Wednesday,baseline,home_to_office,"Rajajinagar, Bengaluru","Manyata Tech Park, Bengaluru","Rajajinagar, Bengaluru","Manyata Tech Park, Bengaluru",13.2,47.08,30.53,success
2026-07-29,2026-07-29 12:00:46,Wednesday,baseline,home_to_office,"Rajajinagar, Bengaluru","Electronic City, Bengaluru","Rajajinagar, Bengaluru","Electronic City, Bengaluru",40.39,62.17,60.27,success
2026-07-29,2026-07-29 12:00:46,Wednesday,baseline,home_to_office,"Rajajinagar, Bengaluru","International Tech Park Bangalore, Bengaluru","Rajajinagar, Bengaluru","International Tech Park Bangalore, Bengaluru",23.15,90.08,66.92,success
2026-07-29,2026-07-29 12:00:46,Wednesday,baseline,home_to_office,"Rajajinagar, Bengaluru","Bagmane Tech Park, Bengaluru","Rajajinagar, Bengaluru","Bagmane Tech Park, Bengaluru",14.03,59.47,43.8,success
2026-07-29,2026-07-29 12:00:46,Wednesday,baseline,home_to_office,"Rajajinagar, Bengaluru","RMZ Ecoworld, Bengaluru","Rajajinagar, Bengaluru","RMZ Ecoworld, Bengaluru",21.83,88.8,60.15,success
2026-07-29,2026-07-29 12:00:47,Wednesday,baseline,home_to_office,"Rajajinagar, Bengaluru","Embassy TechVillage, Bengaluru","Rajajinagar, Bengaluru","Embassy TechVillage, Bengaluru",24.52,86.02,63.55,success
2026-07-29,2026-07-29 12:00:47,Wednesday,baseline,home_to_office,"Rajajinagar, Bengaluru","Global Village Tech Park, Bengaluru","Rajajinagar, Bengaluru","Global Village Tech Park, Bengaluru",14.68,38.73,36.67,success
2026-07-29,2026-07-29 12:00:47,Wednesday,baseline,home_to_office,"Rajajinagar, Bengaluru","Prestige Tech Park, Bengaluru","Rajajinagar, Bengaluru","Prestige Tech Park, Bengaluru",22.27,91.37,61.27,success
2026-07-29,2026-07-29 12:00:47,Wednesday,baseline,home_to_office,"Rajajinagar, Bengaluru","Embassy GolfLinks Business Park, Bengaluru","Rajajinagar, Bengaluru","Embassy GolfLinks Business Park, Bengaluru",14.21,51.67,40.7,success
2026-07-29,2026-07-29 12:00:47,Wednesday,baseline,home_to_office,"Rajajinagar, Bengaluru","Cessna Business Park, Bengaluru","Rajajinagar, Bengaluru","Cessna Business Park, Bengaluru",23.99,80.9,61.68,success
2026-07-29,2026-07-29 18:00:24,Wednesday,evening_peak,office_to_home,"JP Nagar, Bengaluru","Manyata Tech Park, Bengaluru","Manyata Tech Park, Bengaluru","JP Nagar, Bengaluru",22.6,93.18,57.82,success
2026-07-29,2026-07-29 18:00:24,Wednesday,evening_peak,office_to_home,"JP Nagar, Bengaluru","Electronic City, Bengaluru","Electronic City, Bengaluru","JP Nagar, Bengaluru",17.57,41.47,32.47,success
2026-07-29,2026-07-29 18:00:24,Wednesday,evening_peak,office_to_home,"JP Nagar, Bengaluru","International Tech Park Bangalore, Bengaluru","International Tech Park Bangalore, Bengaluru","JP Nagar, Bengaluru",23.74,131.87,52.67,success
2026-07-29,2026-07-29 18:00:25,Wednesday,evening_peak,office_to_home,"JP Nagar, Bengaluru","Bagmane Tech Park, Bengaluru","Bagmane Tech Park, Bengaluru","JP Nagar, Bengaluru",15.16,86.77,47.37,success
2026-07-29,2026-07-29 18:00:25,Wednesday,evening_peak,office_to_home,"JP Nagar, Bengaluru","RMZ Ecoworld, Bengaluru","RMZ Ecoworld, Bengaluru","JP Nagar, Bengaluru",13.25,61.95,31.18,success
2026-07-29,2026-07-29 18:00:25,Wednesday,evening_peak,office_to_home,"JP Nagar, Bengaluru","Embassy TechVillage, Bengaluru","Embassy TechVillage, Bengaluru","JP Nagar, Bengaluru",13.61,51.35,31.95,success
2026-07-29,2026-07-29 18:00:25,Wednesday,evening_peak,office_to_home,"JP Nagar, Bengaluru","Global Village Tech Park, Bengaluru","Global Village Tech Park, Bengaluru","JP Nagar, Bengaluru",14.27,51.6,41.55,success
2026-07-29,2026-07-29 18:00:25,Wednesday,evening_peak,office_to_home,"JP Nagar, Bengaluru","Prestige Tech Park, Bengaluru","Prestige Tech Park, Bengaluru","JP Nagar, Bengaluru",14.86,62.8,34.33,success
2026-07-29,2026-07-29 18:00:26,Wednesday,evening_peak,office_to_home,"JP Nagar, Bengaluru","Embassy GolfLinks Business Park, Bengaluru","Embassy GolfLinks Business Park, Bengaluru","JP Nagar, Bengaluru",12.35,59.37,35.43,success
2026-07-29,2026-07-29 18:00:26,Wednesday,evening_peak,office_to_home,"JP Nagar, Bengaluru","Cessna Business Park, Bengaluru","Cessna Business Park, Bengaluru","JP Nagar, Bengaluru",13.82,61.4,31.9,success
2026-07-29,2026-07-29 18:00:26,Wednesday,evening_peak,office_to_home,"Jayanagar, Bengaluru","Manyata Tech Park, Bengaluru","Manyata Tech Park, Bengaluru","Jayanagar, Bengaluru",18.02,75.95,47.62,success
2026-07-29,2026-07-29 18:00:26,Wednesday,evening_peak,office_to_home,"Jayanagar, Bengaluru","Electronic City, Bengaluru","Electronic City, Bengaluru","Jayanagar, Bengaluru",18.12,44.67,35.27,success
2026-07-29,2026-07-29 18:00:26,Wednesday,evening_peak,office_to_home,"Jayanagar, Bengaluru","International Tech Park Bangalore, Bengaluru","International Tech Park Bangalore, Bengaluru","Jayanagar, Bengaluru",22.9,126.98,68.47,success
2026-07-29,2026-07-29 18:00:26,Wednesday,evening_peak,office_to_home,"Jayanagar, Bengaluru","Bagmane Tech Park, Bengaluru","Bagmane Tech Park, Bengaluru","Jayanagar, Bengaluru",12.76,73.13,41.95,success
2026-07-29,2026-07-29 18:00:27,Wednesday,evening_peak,office_to_home,"Jayanagar, Bengaluru","RMZ Ecoworld, Bengaluru","RMZ Ecoworld, Bengaluru","Jayanagar, Bengaluru",13.87,62.95,29.82,success
2026-07-29,2026-07-29 18:00:27,Wednesday,evening_peak,office_to_home,"Jayanagar, Bengaluru","Embassy TechVillage, Bengaluru","Embassy TechVillage, Bengaluru","Jayanagar, Bengaluru",14.23,53.35,30.57,success
2026-07-29,2026-07-29 18:00:27,Wednesday,evening_peak,office_to_home,"Jayanagar, Bengaluru","Global Village Tech Park, Bengaluru","Global Village Tech Park, Bengaluru","Jayanagar, Bengaluru",13.62,55.22,43.48,success
2026-07-29,2026-07-29 18:00:27,Wednesday,evening_peak,office_to_home,"Jayanagar, Bengaluru","Prestige Tech Park, Bengaluru","Prestige Tech Park, Bengaluru","Jayanagar, Bengaluru",15.48,64.63,32.97,success
2026-07-29,2026-07-29 18:00:27,Wednesday,evening_peak,office_to_home,"Jayanagar, Bengaluru","Embassy GolfLinks Business Park, Bengaluru","Embassy GolfLinks Business Park, Bengaluru","Jayanagar, Bengaluru",10.81,60.67,33.45,success
2026-07-29,2026-07-29 18:00:27,Wednesday,evening_peak,office_to_home,"Jayanagar, Bengaluru","Cessna Business Park, Bengaluru","Cessna Business Park, Bengaluru","Jayanagar, Bengaluru",14.45,63.25,30.53,success
2026-07-29,2026-07-29 18:00:28,Wednesday,evening_peak,office_to_home,"Banashankari, Bengaluru","Manyata Tech Park, Bengaluru","Manyata Tech Park, Bengaluru","Banashankari, Bengaluru",25.3,86.02,51.85,success
2026-07-29,2026-07-29 18:00:28,Wednesday,evening_peak,office_to_home,"Banashankari, Bengaluru","Electronic City, Bengaluru","Electronic City, Bengaluru","Banashankari, Bengaluru",34.06,52.53,43.2,success
2026-07-29,2026-07-29 18:00:28,Wednesday,evening_peak,office_to_home,"Banashankari, Bengaluru","International Tech Park Bangalore, Bengaluru","International Tech Park Bangalore, Bengaluru","Banashankari, Bengaluru",25.95,142.18,78.62,success
2026-07-29,2026-07-29 18:00:28,Wednesday,evening_peak,office_to_home,"Banashankari, Bengaluru","Bagmane Tech Park, Bengaluru","Bagmane Tech Park, Bengaluru","Banashankari, Bengaluru",15.81,90.12,52.1,success
2026-07-29,2026-07-29 18:00:28,Wednesday,evening_peak,office_to_home,"Banashankari, Bengaluru","RMZ Ecoworld, Bengaluru","RMZ Ecoworld, Bengaluru","Banashankari, Bengaluru",16.76,80.77,39.43,success
2026-07-29,2026-07-29 18:00:28,Wednesday,evening_peak,office_to_home,"Banashankari, Bengaluru","Embassy TechVillage, Bengaluru","Embassy TechVillage, Bengaluru","Banashankari, Bengaluru",17.12,70.82,40.18,success
2026-07-29,2026-07-29 18:00:28,Wednesday,evening_peak,office_to_home,"Banashankari, Bengaluru","Global Village Tech Park, Bengaluru","Global Village Tech Park, Bengaluru","Banashankari, Bengaluru",9.27,35.43,29.12,success
2026-07-29,2026-07-29 18:00:29,Wednesday,evening_peak,office_to_home,"Banashankari, Bengaluru","Prestige Tech Park, Bengaluru","Prestige Tech Park, Bengaluru","Banashankari, Bengaluru",18.37,82.45,42.58,success
2026-07-29,2026-07-29 18:00:29,Wednesday,evening_peak,office_to_home,"Banashankari, Bengaluru","Embassy GolfLinks Business Park, Bengaluru","Embassy GolfLinks Business Park, Bengaluru","Banashankari, Bengaluru",15.35,82.0,48.45,success
2026-07-29,2026-07-29 18:00:29,Wednesday,evening_peak,office_to_home,"Banashankari, Bengaluru","Cessna Business Park, Bengaluru","Cessna Business Park, Bengaluru","Banashankari, Bengaluru",17.34,81.07,40.15,success
2026-07-29,2026-07-29 18:00:29,Wednesday,evening_peak,office_to_home,"Koramangala, Bengaluru","Manyata Tech Park, Bengaluru","Manyata Tech Park, Bengaluru","Koramangala, Bengaluru",17.32,77.47,46.78,success
2026-07-29,2026-07-29 18:00:29,Wednesday,evening_peak,office_to_home,"Koramangala, Bengaluru","Electronic City, Bengaluru","Electronic City, Bengaluru","Koramangala, Bengaluru",14.84,32.85,26.42,success
2026-07-29,2026-07-29 18:00:29,Wednesday,evening_peak,office_to_home,"Koramangala, Bengaluru","International Tech Park Bangalore, Bengaluru","International Tech Park Bangalore, Bengaluru","Koramangala, Bengaluru",19.03,102.3,48.77,success
2026-07-29,2026-07-29 18:00:30,Wednesday,evening_peak,office_to_home,"Koramangala, Bengaluru","Bagmane Tech Park, Bengaluru","Bagmane Tech Park, Bengaluru","Koramangala, Bengaluru",9.97,51.47,25.03,success
2026-07-29,2026-07-29 18:00:30,Wednesday,evening_peak,office_to_home,"Koramangala, Bengaluru","RMZ Ecoworld, Bengaluru","RMZ Ecoworld, Bengaluru","Koramangala, Bengaluru",8.58,48.45,20.85,success
2026-07-29,2026-07-29 18:00:30,Wednesday,evening_peak,office_to_home,"Koramangala, Bengaluru","Embassy TechVillage, Bengaluru","Embassy TechVillage, Bengaluru","Koramangala, Bengaluru",8.94,38.5,21.62,success
2026-07-29,2026-07-29 18:00:30,Wednesday,evening_peak,office_to_home,"Koramangala, Bengaluru","Global Village Tech Park, Bengaluru","Global Village Tech Park, Bengaluru","Koramangala, Bengaluru",18.32,79.83,60.47,success
2026-07-29,2026-07-29 18:00:30,Wednesday,evening_peak,office_to_home,"Koramangala, Bengaluru","Prestige Tech Park, Bengaluru","Prestige Tech Park, Bengaluru","Koramangala, Bengaluru",10.19,50.17,24.0,success
2026-07-29,2026-07-29 18:00:30,Wednesday,evening_peak,office_to_home,"Koramangala, Bengaluru","Embassy GolfLinks Business Park, Bengaluru","Embassy GolfLinks Business Park, Bengaluru","Koramangala, Bengaluru",4.16,22.35,11.15,success
2026-07-29,2026-07-29 18:00:30,Wednesday,evening_peak,office_to_home,"Koramangala, Bengaluru","Cessna Business Park, Bengaluru","Cessna Business Park, Bengaluru","Koramangala, Bengaluru",9.16,48.77,21.57,success
2026-07-29,2026-07-29 18:00:31,Wednesday,evening_peak,office_to_home,"HSR Layout, Bengaluru","Manyata Tech Park, Bengaluru","Manyata Tech Park, Bengaluru","HSR Layout, Bengaluru",21.17,98.03,59.62,success
2026-07-29,2026-07-29 18:00:31,Wednesday,evening_peak,office_to_home,"HSR Layout, Bengaluru","Electronic City, Bengaluru","Electronic City, Bengaluru","HSR Layout, Bengaluru",15.26,31.98,27.08,success
2026-07-29,2026-07-29 18:00:31,Wednesday,evening_peak,office_to_home,"HSR Layout, Bengaluru","International Tech Park Bangalore, Bengaluru","International Tech Park Bangalore, Bengaluru","HSR Layout, Bengaluru",16.9,106.87,37.88,success
2026-07-29,2026-07-29 18:00:31,Wednesday,evening_peak,office_to_home,"HSR Layout, Bengaluru","Bagmane Tech Park, Bengaluru","Bagmane Tech Park, Bengaluru","HSR Layout, Bengaluru",15.29,67.48,36.35,success
2026-07-29,2026-07-29 18:00:31,Wednesday,evening_peak,office_to_home,"HSR Layout, Bengaluru","RMZ Ecoworld, Bengaluru","RMZ Ecoworld, Bengaluru","HSR Layout, Bengaluru",6.45,36.63,14.0,success
2026-07-29,2026-07-29 18:00:31,Wednesday,evening_peak,office_to_home,"HSR Layout, Bengaluru","Embassy TechVillage, Bengaluru","Embassy TechVillage, Bengaluru","HSR Layout, Bengaluru",6.81,27.32,14.77,success
2026-07-29,2026-07-29 18:00:31,Wednesday,evening_peak,office_to_home,"HSR Layout, Bengaluru","Global Village Tech Park, Bengaluru","Global Village Tech Park, Bengaluru","HSR Layout, Bengaluru",19.46,69.55,54.77,success
2026-07-29,2026-07-29 18:00:32,Wednesday,evening_peak,office_to_home,"HSR Layout, Bengaluru","Prestige Tech Park, Bengaluru","Prestige Tech Park, Bengaluru","HSR Layout, Bengaluru",8.06,38.27,17.17,success
2026-07-29,2026-07-29 18:00:32,Wednesday,evening_peak,office_to_home,"HSR Layout, Bengaluru","Embassy GolfLinks Business Park, Bengaluru","Embassy GolfLinks Business Park, Bengaluru","HSR Layout, Bengaluru",8.01,42.07,23.98,success
2026-07-29,2026-07-29 18:00:32,Wednesday,evening_peak,office_to_home,"HSR Layout, Bengaluru","Cessna Business Park, Bengaluru","Cessna Business Park, Bengaluru","HSR Layout, Bengaluru",7.02,36.95,14.73,success
2026-07-29,2026-07-29 18:00:32,Wednesday,evening_peak,office_to_home,"Whitefield, Bengaluru","Manyata Tech Park, Bengaluru","Manyata Tech Park, Bengaluru","Whitefield, Bengaluru",21.32,85.02,49.97,success
2026-07-29,2026-07-29 18:00:32,Wednesday,evening_peak,office_to_home,"Whitefield, Bengaluru","Electronic City, Bengaluru","Electronic City, Bengaluru","Whitefield, Bengaluru",32.72,96.48,64.6,success
2026-07-29,2026-07-29 18:00:32,Wednesday,evening_peak,office_to_home,"Whitefield, Bengaluru","International Tech Park Bangalore, Bengaluru","International Tech Park Bangalore, Bengaluru","Whitefield, Bengaluru",4.42,18.53,15.13,success
2026-07-29,2026-07-29 18:00:33,Wednesday,evening_peak,office_to_home,"Whitefield, Bengaluru","Bagmane Tech Park, Bengaluru","Bagmane Tech Park, Bengaluru","Whitefield, Bengaluru",13.47,76.85,32.2,success
2026-07-29,2026-07-29 18:00:33,Wednesday,evening_peak,office_to_home,"Whitefield, Bengaluru","RMZ Ecoworld, Bengaluru","RMZ Ecoworld, Bengaluru","Whitefield, Bengaluru",11.95,70.45,32.83,success
2026-07-29,2026-07-29 18:00:33,Wednesday,evening_peak,office_to_home,"Whitefield, Bengaluru","Embassy TechVillage, Bengaluru","Embassy TechVillage, Bengaluru","Whitefield, Bengaluru",12.05,65.08,33.82,success
2026-07-29,2026-07-29 18:00:33,Wednesday,evening_peak,office_to_home,"Whitefield, Bengaluru","Global Village Tech Park, Bengaluru","Global Village Tech Park, Bengaluru","Whitefield, Bengaluru",34.04,138.67,83.73,success
2026-07-29,2026-07-29 18:00:33,Wednesday,evening_peak,office_to_home,"Whitefield, Bengaluru","Prestige Tech Park, Bengaluru","Prestige Tech Park, Bengaluru","Whitefield, Bengaluru",10.37,42.73,29.82,success
2026-07-29,2026-07-29 18:00:33,Wednesday,evening_peak,office_to_home,"Whitefield, Bengaluru","Embassy GolfLinks Business Park, Bengaluru","Embassy GolfLinks Business Park, Bengaluru","Whitefield, Bengaluru",13.98,86.13,34.67,success
2026-07-29,2026-07-29 18:00:34,Wednesday,evening_peak,office_to_home,"Whitefield, Bengaluru","Cessna Business Park, Bengaluru","Cessna Business Park, Bengaluru","Whitefield, Bengaluru",11.31,53.98,31.38,success
2026-07-29,2026-07-29 18:00:34,Wednesday,evening_peak,office_to_home,"Marathahalli, Bengaluru","Manyata Tech Park, Bengaluru","Manyata Tech Park, Bengaluru","Marathahalli, Bengaluru",16.81,75.05,34.32,success
2026-07-29,2026-07-29 18:00:34,Wednesday,evening_peak,office_to_home,"Marathahalli, Bengaluru","Electronic City, Bengaluru","Electronic City, Bengaluru","Marathahalli, Bengaluru",24.24,71.7,44.67,success
2026-07-29,2026-07-29 18:00:34,Wednesday,evening_peak,office_to_home,"Marathahalli, Bengaluru","International Tech Park Bangalore, Bengaluru","International Tech Park Bangalore, Bengaluru","Marathahalli, Bengaluru",7.72,47.18,22.9,success
2026-07-29,2026-07-29 18:00:34,Wednesday,evening_peak,office_to_home,"Marathahalli, Bengaluru","Bagmane Tech Park, Bengaluru","Bagmane Tech Park, Bengaluru","Marathahalli, Bengaluru",7.88,38.12,20.8,success
2026-07-29,2026-07-29 18:00:34,Wednesday,evening_peak,office_to_home,"Marathahalli, Bengaluru","RMZ Ecoworld, Bengaluru","RMZ Ecoworld, Bengaluru","Marathahalli, Bengaluru",5.08,40.45,14.45,success
2026-07-29,2026-07-29 18:00:34,Wednesday,evening_peak,office_to_home,"Marathahalli, Bengaluru","Embassy TechVillage, Bengaluru","Embassy TechVillage, Bengaluru","Marathahalli, Bengaluru",5.18,35.47,15.43,success
2026-07-29,2026-07-29 18:00:35,Wednesday,evening_peak,office_to_home,"Marathahalli, Bengaluru","Global Village Tech Park, Bengaluru","Global Village Tech Park, Bengaluru","Marathahalli, Bengaluru",28.45,107.83,72.35,success
2026-07-29,2026-07-29 18:00:35,Wednesday,evening_peak,office_to_home,"Marathahalli, Bengaluru","Prestige Tech Park, Bengaluru","Prestige Tech Park, Bengaluru","Marathahalli, Bengaluru",3.52,26.53,12.35,success
2026-07-29,2026-07-29 18:00:35,Wednesday,evening_peak,office_to_home,"Marathahalli, Bengaluru","Embassy GolfLinks Business Park, Bengaluru","Embassy GolfLinks Business Park, Bengaluru","Marathahalli, Bengaluru",8.39,48.5,23.28,success
2026-07-29,2026-07-29 18:00:35,Wednesday,evening_peak,office_to_home,"Marathahalli, Bengaluru","Cessna Business Park, Bengaluru","Cessna Business Park, Bengaluru","Marathahalli, Bengaluru",5.39,44.25,15.38,success
2026-07-29,2026-07-29 18:00:35,Wednesday,evening_peak,office_to_home,"Hebbal, Bengaluru","Manyata Tech Park, Bengaluru","Manyata Tech Park, Bengaluru","Hebbal, Bengaluru",5.48,22.7,18.83,success
2026-07-29,2026-07-29 18:00:35,Wednesday,evening_peak,office_to_home,"Hebbal, Bengaluru","Electronic City, Bengaluru","Electronic City, Bengaluru","Hebbal, Bengaluru",48.2,107.58,79.22,success
2026-07-29,2026-07-29 18:00:35,Wednesday,evening_peak,office_to_home,"Hebbal, Bengaluru","International Tech Park Bangalore, Bengaluru","International Tech Park Bangalore, Bengaluru","Hebbal, Bengaluru",20.57,106.28,51.53,success
2026-07-29,2026-07-29 18:00:36,Wednesday,evening_peak,office_to_home,"Hebbal, Bengaluru","Bagmane Tech Park, Bengaluru","Bagmane Tech Park, Bengaluru","Hebbal, Bengaluru",14.42,66.65,39.88,success
2026-07-29,2026-07-29 18:00:36,Wednesday,evening_peak,office_to_home,"Hebbal, Bengaluru","RMZ Ecoworld, Bengaluru","RMZ Ecoworld, Bengaluru","Hebbal, Bengaluru",22.59,102.82,48.97,success
2026-07-29,2026-07-29 18:00:36,Wednesday,evening_peak,office_to_home,"Hebbal, Bengaluru","Embassy TechVillage, Bengaluru","Embassy TechVillage, Bengaluru","Hebbal, Bengaluru",22.69,97.72,49.95,success
2026-07-29,2026-07-29 18:00:36,Wednesday,evening_peak,office_to_home,"Hebbal, Bengaluru","Global Village Tech Park, Bengaluru","Global Village Tech Park, Bengaluru","Hebbal, Bengaluru",22.44,87.3,61.8,success
2026-07-29,2026-07-29 18:00:36,Wednesday,evening_peak,office_to_home,"Hebbal, Bengaluru","Prestige Tech Park, Bengaluru","Prestige Tech Park, Bengaluru","Hebbal, Bengaluru",21.03,88.22,46.87,success
2026-07-29,2026-07-29 18:00:36,Wednesday,evening_peak,office_to_home,"Hebbal, Bengaluru","Embassy GolfLinks Business Park, Bengaluru","Embassy GolfLinks Business Park, Bengaluru","Hebbal, Bengaluru",17.15,80.53,51.93,success
2026-07-29,2026-07-29 18:00:37,Wednesday,evening_peak,office_to_home,"Hebbal, Bengaluru","Cessna Business Park, Bengaluru","Cessna Business Park, Bengaluru","Hebbal, Bengaluru",22.9,106.63,49.9,success
2026-07-29,2026-07-29 18:00:37,Wednesday,evening_peak,office_to_home,"Yelahanka, Bengaluru","Manyata Tech Park, Bengaluru","Manyata Tech Park, Bengaluru","Yelahanka, Bengaluru",12.48,31.93,22.05,success
2026-07-29,2026-07-29 18:00:37,Wednesday,evening_peak,office_to_home,"Yelahanka, Bengaluru","Electronic City, Bengaluru","Electronic City, Bengaluru","Yelahanka, Bengaluru",58.4,109.2,84.6,success
2026-07-29,2026-07-29 18:00:37,Wednesday,evening_peak,office_to_home,"Yelahanka, Bengaluru","International Tech Park Bangalore, Bengaluru","International Tech Park Bangalore, Bengaluru","Yelahanka, Bengaluru",39.03,95.42,68.98,success
2026-07-29,2026-07-29 18:00:37,Wednesday,evening_peak,office_to_home,"Yelahanka, Bengaluru","Bagmane Tech Park, Bengaluru","Bagmane Tech Park, Bengaluru","Yelahanka, Bengaluru",23.45,88.63,44.03,success
2026-07-29,2026-07-29 18:00:38,Wednesday,evening_peak,office_to_home,"Yelahanka, Bengaluru","RMZ Ecoworld, Bengaluru","RMZ Ecoworld, Bengaluru","Yelahanka, Bengaluru",31.44,114.8,56.73,success
2026-07-29,2026-07-29 18:00:38,Wednesday,evening_peak,office_to_home,"Yelahanka, Bengaluru","Embassy TechVillage, Bengaluru","Embassy TechVillage, Bengaluru","Yelahanka, Bengaluru",31.54,109.85,57.72,success
2026-07-29,2026-07-29 18:00:38,Wednesday,evening_peak,office_to_home,"Yelahanka, Bengaluru","Global Village Tech Park, Bengaluru","Global Village Tech Park, Bengaluru","Yelahanka, Bengaluru",32.56,90.78,67.42,success
2026-07-29,2026-07-29 18:00:38,Wednesday,evening_peak,office_to_home,"Yelahanka, Bengaluru","Prestige Tech Park, Bengaluru","Prestige Tech Park, Bengaluru","Yelahanka, Bengaluru",29.88,100.65,54.63,success
2026-07-29,2026-07-29 18:00:38,Wednesday,evening_peak,office_to_home,"Yelahanka, Bengaluru","Embassy GolfLinks Business Park, Bengaluru","Embassy GolfLinks Business Park, Bengaluru","Yelahanka, Bengaluru",26.0,104.22,56.87,success
2026-07-29,2026-07-29 18:00:38,Wednesday,evening_peak,office_to_home,"Yelahanka, Bengaluru","Cessna Business Park, Bengaluru","Cessna Business Park, Bengaluru","Yelahanka, Bengaluru",31.75,118.5,57.68,success
2026-07-29,2026-07-29 18:00:39,Wednesday,evening_peak,office_to_home,"Rajajinagar, Bengaluru","Manyata Tech Park, Bengaluru","Manyata Tech Park, Bengaluru","Rajajinagar, Bengaluru",13.06,49.53,31.23,success
2026-07-29,2026-07-29 18:00:39,Wednesday,evening_peak,office_to_home,"Rajajinagar, Bengaluru","Electronic City, Bengaluru","Electronic City, Bengaluru","Rajajinagar, Bengaluru",40.12,70.97,59.83,success
2026-07-29,2026-07-29 18:00:39,Wednesday,evening_peak,office_to_home,"Rajajinagar, Bengaluru","International Tech Park Bangalore, Bengaluru","International Tech Park Bangalore, Bengaluru","Rajajinagar, Bengaluru",23.86,130.07,69.77,success
2026-07-29,2026-07-29 18:00:39,Wednesday,evening_peak,office_to_home,"Rajajinagar, Bengaluru","Bagmane Tech Park, Bengaluru","Bagmane Tech Park, Bengaluru","Rajajinagar, Bengaluru",15.77,74.58,48.28,success
2026-07-29,2026-07-29 18:00:39,Wednesday,evening_peak,office_to_home,"Rajajinagar, Bengaluru","RMZ Ecoworld, Bengaluru","RMZ Ecoworld, Bengaluru","Rajajinagar, Bengaluru",23.59,108.55,60.13,success
2026-07-29,2026-07-29 18:00:39,Wednesday,evening_peak,office_to_home,"Rajajinagar, Bengaluru","Embassy TechVillage, Bengaluru","Embassy TechVillage, Bengaluru","Rajajinagar, Bengaluru",23.95,99.28,60.9,success
2026-07-29,2026-07-29 18:00:40,Wednesday,evening_peak,office_to_home,"Rajajinagar, Bengaluru","Global Village Tech Park, Bengaluru","Global Village Tech Park, Bengaluru","Rajajinagar, Bengaluru",14.36,50.92,42.42,success
2026-07-29,2026-07-29 18:00:40,Wednesday,evening_peak,office_to_home,"Rajajinagar, Bengaluru","Prestige Tech Park, Bengaluru","Prestige Tech Park, Bengaluru","Rajajinagar, Bengaluru",20.98,105.9,62.05,success
2026-07-29,2026-07-29 18:00:40,Wednesday,evening_peak,office_to_home,"Rajajinagar, Bengaluru","Embassy GolfLinks Business Park, Bengaluru","Embassy GolfLinks Business Park, Bengaluru","Rajajinagar, Bengaluru",15.57,79.83,46.32,success
2026-07-29,2026-07-29 18:00:40,Wednesday,evening_peak,office_to_home,"Rajajinagar, Bengaluru","Cessna Business Park, Bengaluru","Cessna Business Park, Bengaluru","Rajajinagar, Bengaluru",24.16,109.18,60.85,success
2026-07-30,2026-07-30 08:00:52,Thursday,morning_peak,home_to_office,"JP Nagar, Bengaluru","Manyata Tech Park, Bengaluru","JP Nagar, Bengaluru","Manyata Tech Park, Bengaluru",21.27,62.98,58.8,success
2026-07-30,2026-07-30 08:00:52,Thursday,morning_peak,home_to_office,"JP Nagar, Bengaluru","Electronic City, Bengaluru","JP Nagar, Bengaluru","Electronic City, Bengaluru",16.58,26.45,29.77,success
2026-07-30,2026-07-30 08:00:52,Thursday,morning_peak,home_to_office,"JP Nagar, Bengaluru","International Tech Park Bangalore, Bengaluru","JP Nagar, Bengaluru","International Tech Park Bangalore, Bengaluru",24.21,84.33,55.57,success
2026-07-30,2026-07-30 08:00:52,Thursday,morning_peak,home_to_office,"JP Nagar, Bengaluru","Bagmane Tech Park, Bengaluru","JP Nagar, Bengaluru","Bagmane Tech Park, Bengaluru",17.66,64.32,50.0,success
2026-07-30,2026-07-30 08:00:53,Thursday,morning_peak,home_to_office,"JP Nagar, Bengaluru","RMZ Ecoworld, Bengaluru","JP Nagar, Bengaluru","RMZ Ecoworld, Bengaluru",14.56,49.93,31.38,success
2026-07-30,2026-07-30 08:00:53,Thursday,morning_peak,home_to_office,"JP Nagar, Bengaluru","Embassy TechVillage, Bengaluru","JP Nagar, Bengaluru","Embassy TechVillage, Bengaluru",16.45,55.18,35.37,success
2026-07-30,2026-07-30 08:00:53,Thursday,morning_peak,home_to_office,"JP Nagar, Bengaluru","Global Village Tech Park, Bengaluru","JP Nagar, Bengaluru","Global Village Tech Park, Bengaluru",12.4,38.43,38.52,success
2026-07-30,2026-07-30 08:00:53,Thursday,morning_peak,home_to_office,"JP Nagar, Bengaluru","Prestige Tech Park, Bengaluru","JP Nagar, Bengaluru","Prestige Tech Park, Bengaluru",15.0,50.78,32.5,success
2026-07-30,2026-07-30 08:00:54,Thursday,morning_peak,home_to_office,"JP Nagar, Bengaluru","Embassy GolfLinks Business Park, Bengaluru","JP Nagar, Bengaluru","Embassy GolfLinks Business Park, Bengaluru",12.31,44.58,37.4,success
2026-07-30,2026-07-30 08:00:54,Thursday,morning_peak,home_to_office,"JP Nagar, Bengaluru","Cessna Business Park, Bengaluru","JP Nagar, Bengaluru","Cessna Business Park, Bengaluru",15.36,50.95,31.47,success
2026-07-30,2026-07-30 08:00:54,Thursday,morning_peak,home_to_office,"Jayanagar, Bengaluru","Manyata Tech Park, Bengaluru","Jayanagar, Bengaluru","Manyata Tech Park, Bengaluru",18.17,49.72,48.17,success
2026-07-30,2026-07-30 08:00:54,Thursday,morning_peak,home_to_office,"Jayanagar, Bengaluru","Electronic City, Bengaluru","Jayanagar, Bengaluru","Electronic City, Bengaluru",16.7,27.12,30.62,success
2026-07-30,2026-07-30 08:00:55,Thursday,morning_peak,home_to_office,"Jayanagar, Bengaluru","International Tech Park Bangalore, Bengaluru","Jayanagar, Bengaluru","International Tech Park Bangalore, Bengaluru",22.36,84.88,66.27,success
2026-07-30,2026-07-30 08:00:55,Thursday,morning_peak,home_to_office,"Jayanagar, Bengaluru","Bagmane Tech Park, Bengaluru","Jayanagar, Bengaluru","Bagmane Tech Park, Bengaluru",13.23,49.37,43.13,success
2026-07-30,2026-07-30 08:00:55,Thursday,morning_peak,home_to_office,"Jayanagar, Bengaluru","RMZ Ecoworld, Bengaluru","Jayanagar, Bengaluru","RMZ Ecoworld, Bengaluru",14.69,50.75,32.23,success
2026-07-30,2026-07-30 08:00:55,Thursday,morning_peak,home_to_office,"Jayanagar, Bengaluru","Embassy TechVillage, Bengaluru","Jayanagar, Bengaluru","Embassy TechVillage, Bengaluru",16.58,56.02,36.22,success
2026-07-30,2026-07-30 08:00:55,Thursday,morning_peak,home_to_office,"Jayanagar, Bengaluru","Global Village Tech Park, Bengaluru","Jayanagar, Bengaluru","Global Village Tech Park, Bengaluru",14.12,38.45,40.87,success
2026-07-30,2026-07-30 08:00:55,Thursday,morning_peak,home_to_office,"Jayanagar, Bengaluru","Prestige Tech Park, Bengaluru","Jayanagar, Bengaluru","Prestige Tech Park, Bengaluru",15.13,51.57,33.35,success
2026-07-30,2026-07-30 08:00:56,Thursday,morning_peak,home_to_office,"Jayanagar, Bengaluru","Embassy GolfLinks Business Park, Bengaluru","Jayanagar, Bengaluru","Embassy GolfLinks Business Park, Bengaluru",12.59,38.7,36.85,success
2026-07-30,2026-07-30 08:00:56,Thursday,morning_peak,home_to_office,"Jayanagar, Bengaluru","Cessna Business Park, Bengaluru","Jayanagar, Bengaluru","Cessna Business Park, Bengaluru",15.49,51.77,32.32,success
2026-07-30,2026-07-30 08:00:56,Thursday,morning_peak,home_to_office,"Banashankari, Bengaluru","Manyata Tech Park, Bengaluru","Banashankari, Bengaluru","Manyata Tech Park, Bengaluru",20.29,52.15,53.05,success
2026-07-30,2026-07-30 08:00:56,Thursday,morning_peak,home_to_office,"Banashankari, Bengaluru","Electronic City, Bengaluru","Banashankari, Bengaluru","Electronic City, Bengaluru",20.58,42.62,43.37,success
2026-07-30,2026-07-30 08:00:57,Thursday,morning_peak,home_to_office,"Banashankari, Bengaluru","International Tech Park Bangalore, Bengaluru","Banashankari, Bengaluru","International Tech Park Bangalore, Bengaluru",25.77,100.03,78.8,success
2026-07-30,2026-07-30 08:00:57,Thursday,morning_peak,home_to_office,"Banashankari, Bengaluru","Bagmane Tech Park, Bengaluru","Banashankari, Bengaluru","Bagmane Tech Park, Bengaluru",16.64,62.77,55.68,success
2026-07-30,2026-07-30 08:00:57,Thursday,morning_peak,home_to_office,"Banashankari, Bengaluru","RMZ Ecoworld, Bengaluru","Banashankari, Bengaluru","RMZ Ecoworld, Bengaluru",18.56,68.98,44.97,success
2026-07-30,2026-07-30 08:00:57,Thursday,morning_peak,home_to_office,"Banashankari, Bengaluru","Embassy TechVillage, Bengaluru","Banashankari, Bengaluru","Embassy TechVillage, Bengaluru",20.45,74.2,48.97,success
2026-07-30,2026-07-30 08:00:57,Thursday,morning_peak,home_to_office,"Banashankari, Bengaluru","Global Village Tech Park, Bengaluru","Banashankari, Bengaluru","Global Village Tech Park, Bengaluru",9.6,25.23,26.03,success
2026-07-30,2026-07-30 08:00:58,Thursday,morning_peak,home_to_office,"Banashankari, Bengaluru","Prestige Tech Park, Bengaluru","Banashankari, Bengaluru","Prestige Tech Park, Bengaluru",19.0,69.13,46.08,success
2026-07-30,2026-07-30 08:00:58,Thursday,morning_peak,home_to_office,"Banashankari, Bengaluru","Embassy GolfLinks Business Park, Bengaluru","Banashankari, Bengaluru","Embassy GolfLinks Business Park, Bengaluru",16.0,53.15,49.38,success
2026-07-30,2026-07-30 08:00:58,Thursday,morning_peak,home_to_office,"Banashankari, Bengaluru","Cessna Business Park, Bengaluru","Banashankari, Bengaluru","Cessna Business Park, Bengaluru",19.37,69.87,45.05,success
2026-07-30,2026-07-30 08:00:58,Thursday,morning_peak,home_to_office,"Koramangala, Bengaluru","Manyata Tech Park, Bengaluru","Koramangala, Bengaluru","Manyata Tech Park, Bengaluru",18.27,51.57,45.03,success
2026-07-30,2026-07-30 08:00:59,Thursday,morning_peak,home_to_office,"Koramangala, Bengaluru","Electronic City, Bengaluru","Koramangala, Bengaluru","Electronic City, Bengaluru",13.6,22.5,24.95,success
2026-07-30,2026-07-30 08:00:59,Thursday,morning_peak,home_to_office,"Koramangala, Bengaluru","International Tech Park Bangalore, Bengaluru","Koramangala, Bengaluru","International Tech Park Bangalore, Bengaluru",18.15,54.75,46.27,success
2026-07-30,2026-07-30 08:00:59,Thursday,morning_peak,home_to_office,"Koramangala, Bengaluru","Bagmane Tech Park, Bengaluru","Koramangala, Bengaluru","Bagmane Tech Park, Bengaluru",10.68,30.68,26.3,success
2026-07-30,2026-07-30 08:00:59,Thursday,morning_peak,home_to_office,"Koramangala, Bengaluru","RMZ Ecoworld, Bengaluru","Koramangala, Bengaluru","RMZ Ecoworld, Bengaluru",8.81,31.43,22.13,success
2026-07-30,2026-07-30 08:00:59,Thursday,morning_peak,home_to_office,"Koramangala, Bengaluru","Embassy TechVillage, Bengaluru","Koramangala, Bengaluru","Embassy TechVillage, Bengaluru",10.7,36.18,26.12,success
2026-07-30,2026-07-30 08:00:59,Thursday,morning_peak,home_to_office,"Koramangala, Bengaluru","Global Village Tech Park, Bengaluru","Koramangala, Bengaluru","Global Village Tech Park, Bengaluru",20.74,52.37,55.7,success
2026-07-30,2026-07-30 08:00:59,Thursday,morning_peak,home_to_office,"Koramangala, Bengaluru","Prestige Tech Park, Bengaluru","Koramangala, Bengaluru","Prestige Tech Park, Bengaluru",9.25,32.43,23.25,success
2026-07-30,2026-07-30 08:01:00,Thursday,morning_peak,home_to_office,"Koramangala, Bengaluru","Embassy GolfLinks Business Park, Bengaluru","Koramangala, Bengaluru","Embassy GolfLinks Business Park, Bengaluru",5.33,14.03,13.7,success
2026-07-30,2026-07-30 08:01:00,Thursday,morning_peak,home_to_office,"Koramangala, Bengaluru","Cessna Business Park, Bengaluru","Koramangala, Bengaluru","Cessna Business Park, Bengaluru",9.61,32.1,22.22,success
2026-07-30,2026-07-30 08:01:00,Thursday,morning_peak,home_to_office,"HSR Layout, Bengaluru","Manyata Tech Park, Bengaluru","HSR Layout, Bengaluru","Manyata Tech Park, Bengaluru",23.27,71.58,64.37,success
2026-07-30,2026-07-30 08:01:00,Thursday,morning_peak,home_to_office,"HSR Layout, Bengaluru","Electronic City, Bengaluru","HSR Layout, Bengaluru","Electronic City, Bengaluru",13.3,22.42,25.68,success
2026-07-30,2026-07-30 08:01:00,Thursday,morning_peak,home_to_office,"HSR Layout, Bengaluru","International Tech Park Bangalore, Bengaluru","HSR Layout, Bengaluru","International Tech Park Bangalore, Bengaluru",17.74,65.9,42.68,success
2026-07-30,2026-07-30 08:01:01,Thursday,morning_peak,home_to_office,"HSR Layout, Bengaluru","Bagmane Tech Park, Bengaluru","HSR Layout, Bengaluru","Bagmane Tech Park, Bengaluru",14.72,51.73,40.12,success
2026-07-30,2026-07-30 08:01:01,Thursday,morning_peak,home_to_office,"HSR Layout, Bengaluru","RMZ Ecoworld, Bengaluru","HSR Layout, Bengaluru","RMZ Ecoworld, Bengaluru",8.1,33.1,18.5,success
2026-07-30,2026-07-30 08:01:01,Thursday,morning_peak,home_to_office,"HSR Layout, Bengaluru","Embassy TechVillage, Bengaluru","HSR Layout, Bengaluru","Embassy TechVillage, Bengaluru",9.98,37.97,22.48,success
2026-07-30,2026-07-30 08:01:01,Thursday,morning_peak,home_to_office,"HSR Layout, Bengaluru","Global Village Tech Park, Bengaluru","HSR Layout, Bengaluru","Global Village Tech Park, Bengaluru",19.01,51.05,51.92,success
2026-07-30,2026-07-30 08:01:01,Thursday,morning_peak,home_to_office,"HSR Layout, Bengaluru","Prestige Tech Park, Bengaluru","HSR Layout, Bengaluru","Prestige Tech Park, Bengaluru",8.53,34.17,19.62,success
2026-07-30,2026-07-30 08:01:02,Thursday,morning_peak,home_to_office,"HSR Layout, Bengaluru","Embassy GolfLinks Business Park, Bengaluru","HSR Layout, Bengaluru","Embassy GolfLinks Business Park, Bengaluru",9.37,32.6,27.53,success
2026-07-30,2026-07-30 08:01:02,Thursday,morning_peak,home_to_office,"HSR Layout, Bengaluru","Cessna Business Park, Bengaluru","HSR Layout, Bengaluru","Cessna Business Park, Bengaluru",8.9,33.85,18.58,success
2026-07-30,2026-07-30 08:01:02,Thursday,morning_peak,home_to_office,"Whitefield, Bengaluru","Manyata Tech Park, Bengaluru","Whitefield, Bengaluru","Manyata Tech Park, Bengaluru",21.42,55.73,48.88,success
2026-07-30,2026-07-30 08:01:02,Thursday,morning_peak,home_to_office,"Whitefield, Bengaluru","Electronic City, Bengaluru","Whitefield, Bengaluru","Electronic City, Bengaluru",27.92,67.68,57.22,success
2026-07-30,2026-07-30 08:01:02,Thursday,morning_peak,home_to_office,"Whitefield, Bengaluru","International Tech Park Bangalore, Bengaluru","Whitefield, Bengaluru","International Tech Park Bangalore, Bengaluru",3.38,9.27,9.97,success
2026-07-30,2026-07-30 08:01:02,Thursday,morning_peak,home_to_office,"Whitefield, Bengaluru","Bagmane Tech Park, Bengaluru","Whitefield, Bengaluru","Bagmane Tech Park, Bengaluru",13.99,50.88,36.67,success
2026-07-30,2026-07-30 08:01:03,Thursday,morning_peak,home_to_office,"Whitefield, Bengaluru","RMZ Ecoworld, Bengaluru","Whitefield, Bengaluru","RMZ Ecoworld, Bengaluru",11.15,43.6,29.3,success
2026-07-30,2026-07-30 08:01:03,Thursday,morning_peak,home_to_office,"Whitefield, Bengaluru","Embassy TechVillage, Bengaluru","Whitefield, Bengaluru","Embassy TechVillage, Bengaluru",10.01,38.3,27.48,success
2026-07-30,2026-07-30 08:01:03,Thursday,morning_peak,home_to_office,"Whitefield, Bengaluru","Global Village Tech Park, Bengaluru","Whitefield, Bengaluru","Global Village Tech Park, Bengaluru",33.63,97.53,83.47,success
2026-07-30,2026-07-30 08:01:03,Thursday,morning_peak,home_to_office,"Whitefield, Bengaluru","Prestige Tech Park, Bengaluru","Whitefield, Bengaluru","Prestige Tech Park, Bengaluru",9.13,36.37,25.48,success
2026-07-30,2026-07-30 08:01:03,Thursday,morning_peak,home_to_office,"Whitefield, Bengaluru","Embassy GolfLinks Business Park, Bengaluru","Whitefield, Bengaluru","Embassy GolfLinks Business Park, Bengaluru",14.26,55.98,38.07,success
2026-07-30,2026-07-30 08:01:03,Thursday,morning_peak,home_to_office,"Whitefield, Bengaluru","Cessna Business Park, Bengaluru","Whitefield, Bengaluru","Cessna Business Park, Bengaluru",8.92,34.18,23.58,success
2026-07-30,2026-07-30 08:01:04,Thursday,morning_peak,home_to_office,"Marathahalli, Bengaluru","Manyata Tech Park, Bengaluru","Marathahalli, Bengaluru","Manyata Tech Park, Bengaluru",16.0,31.63,29.4,success
2026-07-30,2026-07-30 08:01:04,Thursday,morning_peak,home_to_office,"Marathahalli, Bengaluru","Electronic City, Bengaluru","Marathahalli, Bengaluru","Electronic City, Bengaluru",23.85,44.73,42.52,success
2026-07-30,2026-07-30 08:01:04,Thursday,morning_peak,home_to_office,"Marathahalli, Bengaluru","International Tech Park Bangalore, Bengaluru","Marathahalli, Bengaluru","International Tech Park Bangalore, Bengaluru",8.3,23.87,23.4,success
2026-07-30,2026-07-30 08:01:04,Thursday,morning_peak,home_to_office,"Marathahalli, Bengaluru","Bagmane Tech Park, Bengaluru","Marathahalli, Bengaluru","Bagmane Tech Park, Bengaluru",7.59,21.5,19.3,success
2026-07-30,2026-07-30 08:01:04,Thursday,morning_peak,home_to_office,"Marathahalli, Bengaluru","RMZ Ecoworld, Bengaluru","Marathahalli, Bengaluru","RMZ Ecoworld, Bengaluru",7.07,22.68,14.58,success
2026-07-30,2026-07-30 08:01:04,Thursday,morning_peak,home_to_office,"Marathahalli, Bengaluru","Embassy TechVillage, Bengaluru","Marathahalli, Bengaluru","Embassy TechVillage, Bengaluru",5.93,16.0,12.78,success
2026-07-30,2026-07-30 08:01:05,Thursday,morning_peak,home_to_office,"Marathahalli, Bengaluru","Global Village Tech Park, Bengaluru","Marathahalli, Bengaluru","Global Village Tech Park, Bengaluru",26.06,67.48,68.9,success
2026-07-30,2026-07-30 08:01:05,Thursday,morning_peak,home_to_office,"Marathahalli, Bengaluru","Prestige Tech Park, Bengaluru","Marathahalli, Bengaluru","Prestige Tech Park, Bengaluru",5.06,13.8,11.2,success
2026-07-30,2026-07-30 08:01:05,Thursday,morning_peak,home_to_office,"Marathahalli, Bengaluru","Embassy GolfLinks Business Park, Bengaluru","Marathahalli, Bengaluru","Embassy GolfLinks Business Park, Bengaluru",7.87,23.08,20.7,success
2026-07-30,2026-07-30 08:01:05,Thursday,morning_peak,home_to_office,"Marathahalli, Bengaluru","Cessna Business Park, Bengaluru","Marathahalli, Bengaluru","Cessna Business Park, Bengaluru",4.85,12.18,8.87,success
2026-07-30,2026-07-30 08:01:05,Thursday,morning_peak,home_to_office,"Hebbal, Bengaluru","Manyata Tech Park, Bengaluru","Hebbal, Bengaluru","Manyata Tech Park, Bengaluru",3.66,13.73,14.27,success
2026-07-30,2026-07-30 08:01:05,Thursday,morning_peak,home_to_office,"Hebbal, Bengaluru","Electronic City, Bengaluru","Hebbal, Bengaluru","Electronic City, Bengaluru",27.57,74.2,65.52,success
2026-07-30,2026-07-30 08:01:06,Thursday,morning_peak,home_to_office,"Hebbal, Bengaluru","International Tech Park Bangalore, Bengaluru","Hebbal, Bengaluru","International Tech Park Bangalore, Bengaluru",19.97,74.67,49.97,success
2026-07-30,2026-07-30 08:01:06,Thursday,morning_peak,home_to_office,"Hebbal, Bengaluru","Bagmane Tech Park, Bengaluru","Hebbal, Bengaluru","Bagmane Tech Park, Bengaluru",14.65,50.73,43.42,success
2026-07-30,2026-07-30 08:01:06,Thursday,morning_peak,home_to_office,"Hebbal, Bengaluru","RMZ Ecoworld, Bengaluru","Hebbal, Bengaluru","RMZ Ecoworld, Bengaluru",23.11,91.43,50.93,success
2026-07-30,2026-07-30 08:01:06,Thursday,morning_peak,home_to_office,"Hebbal, Bengaluru","Embassy TechVillage, Bengaluru","Hebbal, Bengaluru","Embassy TechVillage, Bengaluru",21.97,86.95,49.12,success
2026-07-30,2026-07-30 08:01:06,Thursday,morning_peak,home_to_office,"Hebbal, Bengaluru","Global Village Tech Park, Bengaluru","Hebbal, Bengaluru","Global Village Tech Park, Bengaluru",22.73,56.03,56.9,success
2026-07-30,2026-07-30 08:01:06,Thursday,morning_peak,home_to_office,"Hebbal, Bengaluru","Prestige Tech Park, Bengaluru","Hebbal, Bengaluru","Prestige Tech Park, Bengaluru",21.1,85.58,47.55,success
2026-07-30,2026-07-30 08:01:07,Thursday,morning_peak,home_to_office,"Hebbal, Bengaluru","Embassy GolfLinks Business Park, Bengaluru","Hebbal, Bengaluru","Embassy GolfLinks Business Park, Bengaluru",16.03,49.87,41.62,success
2026-07-30,2026-07-30 08:01:07,Thursday,morning_peak,home_to_office,"Hebbal, Bengaluru","Cessna Business Park, Bengaluru","Hebbal, Bengaluru","Cessna Business Park, Bengaluru",20.89,82.5,45.22,success
2026-07-30,2026-07-30 08:01:07,Thursday,morning_peak,home_to_office,"Yelahanka, Bengaluru","Manyata Tech Park, Bengaluru","Yelahanka, Bengaluru","Manyata Tech Park, Bengaluru",15.52,21.23,22.35,success
2026-07-30,2026-07-30 08:01:07,Thursday,morning_peak,home_to_office,"Yelahanka, Bengaluru","Electronic City, Bengaluru","Yelahanka, Bengaluru","Electronic City, Bengaluru",38.91,85.37,76.05,success
2026-07-30,2026-07-30 08:01:08,Thursday,morning_peak,home_to_office,"Yelahanka, Bengaluru","International Tech Park Bangalore, Bengaluru","Yelahanka, Bengaluru","International Tech Park Bangalore, Bengaluru",31.82,82.43,58.03,success
2026-07-30,2026-07-30 08:01:08,Thursday,morning_peak,home_to_office,"Yelahanka, Bengaluru","Bagmane Tech Park, Bengaluru","Yelahanka, Bengaluru","Bagmane Tech Park, Bengaluru",25.98,63.6,53.95,success
2026-07-30,2026-07-30 08:01:08,Thursday,morning_peak,home_to_office,"Yelahanka, Bengaluru","RMZ Ecoworld, Bengaluru","Yelahanka, Bengaluru","RMZ Ecoworld, Bengaluru",34.95,99.87,59.0,success
2026-07-30,2026-07-30 08:01:08,Thursday,morning_peak,home_to_office,"Yelahanka, Bengaluru","Embassy TechVillage, Bengaluru","Yelahanka, Bengaluru","Embassy TechVillage, Bengaluru",33.82,95.53,57.2,success
2026-07-30,2026-07-30 08:01:08,Thursday,morning_peak,home_to_office,"Yelahanka, Bengaluru","Global Village Tech Park, Bengaluru","Yelahanka, Bengaluru","Global Village Tech Park, Bengaluru",35.86,64.67,65.2,success
2026-07-30,2026-07-30 08:01:08,Thursday,morning_peak,home_to_office,"Yelahanka, Bengaluru","Prestige Tech Park, Bengaluru","Yelahanka, Bengaluru","Prestige Tech Park, Bengaluru",32.94,94.13,55.62,success
2026-07-30,2026-07-30 08:01:09,Thursday,morning_peak,home_to_office,"Yelahanka, Bengaluru","Embassy GolfLinks Business Park, Bengaluru","Yelahanka, Bengaluru","Embassy GolfLinks Business Park, Bengaluru",27.36,61.35,52.13,success
2026-07-30,2026-07-30 08:01:09,Thursday,morning_peak,home_to_office,"Yelahanka, Bengaluru","Cessna Business Park, Bengaluru","Yelahanka, Bengaluru","Cessna Business Park, Bengaluru",32.73,91.08,53.28,success
2026-07-30,2026-07-30 08:01:09,Thursday,morning_peak,home_to_office,"Rajajinagar, Bengaluru","Manyata Tech Park, Bengaluru","Rajajinagar, Bengaluru","Manyata Tech Park, Bengaluru",13.2,29.23,30.53,success
2026-07-30,2026-07-30 08:01:09,Thursday,morning_peak,home_to_office,"Rajajinagar, Bengaluru","Electronic City, Bengaluru","Rajajinagar, Bengaluru","Electronic City, Bengaluru",40.39,56.98,60.27,success
2026-07-30,2026-07-30 08:01:10,Thursday,morning_peak,home_to_office,"Rajajinagar, Bengaluru","International Tech Park Bangalore, Bengaluru","Rajajinagar, Bengaluru","International Tech Park Bangalore, Bengaluru",23.15,86.43,66.92,success
2026-07-30,2026-07-30 08:01:10,Thursday,morning_peak,home_to_office,"Rajajinagar, Bengaluru","Bagmane Tech Park, Bengaluru","Rajajinagar, Bengaluru","Bagmane Tech Park, Bengaluru",14.03,50.72,43.8,success
2026-07-30,2026-07-30 08:01:10,Thursday,morning_peak,home_to_office,"Rajajinagar, Bengaluru","RMZ Ecoworld, Bengaluru","Rajajinagar, Bengaluru","RMZ Ecoworld, Bengaluru",21.83,86.45,60.15,success
2026-07-30,2026-07-30 08:01:10,Thursday,morning_peak,home_to_office,"Rajajinagar, Bengaluru","Embassy TechVillage, Bengaluru","Rajajinagar, Bengaluru","Embassy TechVillage, Bengaluru",23.72,91.57,64.13,success
2026-07-30,2026-07-30 08:01:11,Thursday,morning_peak,home_to_office,"Rajajinagar, Bengaluru","Global Village Tech Park, Bengaluru","Rajajinagar, Bengaluru","Global Village Tech Park, Bengaluru",14.68,35.27,36.67,success
2026-07-30,2026-07-30 08:01:11,Thursday,morning_peak,home_to_office,"Rajajinagar, Bengaluru","Prestige Tech Park, Bengaluru","Rajajinagar, Bengaluru","Prestige Tech Park, Bengaluru",22.63,84.2,63.93,success
2026-07-30,2026-07-30 08:01:11,Thursday,morning_peak,home_to_office,"Rajajinagar, Bengaluru","Embassy GolfLinks Business Park, Bengaluru","Rajajinagar, Bengaluru","Embassy GolfLinks Business Park, Bengaluru",14.21,46.13,40.7,success
2026-07-30,2026-07-30 08:01:11,Thursday,morning_peak,home_to_office,"Rajajinagar, Bengaluru","Cessna Business Park, Bengaluru","Rajajinagar, Bengaluru","Cessna Business Park, Bengaluru",22.63,87.08,60.23,success
2026-07-30,2026-07-30 12:00:11,Thursday,baseline,home_to_office,"JP Nagar, Bengaluru","Manyata Tech Park, Bengaluru","JP Nagar, Bengaluru","Manyata Tech Park, Bengaluru",22.86,88.67,61.83,success
2026-07-30,2026-07-30 12:00:11,Thursday,baseline,home_to_office,"JP Nagar, Bengaluru","Electronic City, Bengaluru","JP Nagar, Bengaluru","Electronic City, Bengaluru",16.58,41.13,29.77,success
2026-07-30,2026-07-30 12:00:11,Thursday,baseline,home_to_office,"JP Nagar, Bengaluru","International Tech Park Bangalore, Bengaluru","JP Nagar, Bengaluru","International Tech Park Bangalore, Bengaluru",24.21,80.98,55.57,success
2026-07-30,2026-07-30 12:00:11,Thursday,baseline,home_to_office,"JP Nagar, Bengaluru","Bagmane Tech Park, Bengaluru","JP Nagar, Bengaluru","Bagmane Tech Park, Bengaluru",17.66,58.2,50.0,success
2026-07-30,2026-07-30 12:00:11,Thursday,baseline,home_to_office,"JP Nagar, Bengaluru","RMZ Ecoworld, Bengaluru","JP Nagar, Bengaluru","RMZ Ecoworld, Bengaluru",14.56,46.05,31.38,success
2026-07-30,2026-07-30 12:00:11,Thursday,baseline,home_to_office,"JP Nagar, Bengaluru","Embassy TechVillage, Bengaluru","JP Nagar, Bengaluru","Embassy TechVillage, Bengaluru",16.45,53.82,35.37,success
2026-07-30,2026-07-30 12:00:12,Thursday,baseline,home_to_office,"JP Nagar, Bengaluru","Global Village Tech Park, Bengaluru","JP Nagar, Bengaluru","Global Village Tech Park, Bengaluru",14.36,43.15,39.7,success
2026-07-30,2026-07-30 12:00:12,Thursday,baseline,home_to_office,"JP Nagar, Bengaluru","Prestige Tech Park, Bengaluru","JP Nagar, Bengaluru","Prestige Tech Park, Bengaluru",15.0,48.32,32.5,success
2026-07-30,2026-07-30 12:00:12,Thursday,baseline,home_to_office,"JP Nagar, Bengaluru","Embassy GolfLinks Business Park, Bengaluru","JP Nagar, Bengaluru","Embassy GolfLinks Business Park, Bengaluru",12.31,42.07,37.4,success
2026-07-30,2026-07-30 12:00:12,Thursday,baseline,home_to_office,"JP Nagar, Bengaluru","Cessna Business Park, Bengaluru","JP Nagar, Bengaluru","Cessna Business Park, Bengaluru",15.36,49.15,31.47,success
2026-07-30,2026-07-30 12:00:12,Thursday,baseline,home_to_office,"Jayanagar, Bengaluru","Manyata Tech Park, Bengaluru","Jayanagar, Bengaluru","Manyata Tech Park, Bengaluru",19.87,75.07,50.48,success
2026-07-30,2026-07-30 12:00:13,Thursday,baseline,home_to_office,"Jayanagar, Bengaluru","Electronic City, Bengaluru","Jayanagar, Bengaluru","Electronic City, Bengaluru",16.7,40.73,30.62,success
2026-07-30,2026-07-30 12:00:13,Thursday,baseline,home_to_office,"Jayanagar, Bengaluru","International Tech Park Bangalore, Bengaluru","Jayanagar, Bengaluru","International Tech Park Bangalore, Bengaluru",24.34,80.38,56.4,success
2026-07-30,2026-07-30 12:00:13,Thursday,baseline,home_to_office,"Jayanagar, Bengaluru","Bagmane Tech Park, Bengaluru","Jayanagar, Bengaluru","Bagmane Tech Park, Bengaluru",13.23,57.53,43.13,success
2026-07-30,2026-07-30 12:00:13,Thursday,baseline,home_to_office,"Jayanagar, Bengaluru","RMZ Ecoworld, Bengaluru","Jayanagar, Bengaluru","RMZ Ecoworld, Bengaluru",14.69,46.23,32.23,success
2026-07-30,2026-07-30 12:00:13,Thursday,baseline,home_to_office,"Jayanagar, Bengaluru","Embassy TechVillage, Bengaluru","Jayanagar, Bengaluru","Embassy TechVillage, Bengaluru",16.58,54.0,36.22,success
2026-07-30,2026-07-30 12:00:13,Thursday,baseline,home_to_office,"Jayanagar, Bengaluru","Global Village Tech Park, Bengaluru","Jayanagar, Bengaluru","Global Village Tech Park, Bengaluru",14.12,44.63,40.87,success
2026-07-30,2026-07-30 12:00:13,Thursday,baseline,home_to_office,"Jayanagar, Bengaluru","Prestige Tech Park, Bengaluru","Jayanagar, Bengaluru","Prestige Tech Park, Bengaluru",15.13,48.48,33.35,success
2026-07-30,2026-07-30 12:00:13,Thursday,baseline,home_to_office,"Jayanagar, Bengaluru","Embassy GolfLinks Business Park, Bengaluru","Jayanagar, Bengaluru","Embassy GolfLinks Business Park, Bengaluru",11.79,41.58,35.1,success
2026-07-30,2026-07-30 12:00:13,Thursday,baseline,home_to_office,"Jayanagar, Bengaluru","Cessna Business Park, Bengaluru","Jayanagar, Bengaluru","Cessna Business Park, Bengaluru",15.49,49.33,32.32,success
2026-07-30,2026-07-30 12:00:14,Thursday,baseline,home_to_office,"Banashankari, Bengaluru","Manyata Tech Park, Bengaluru","Banashankari, Bengaluru","Manyata Tech Park, Bengaluru",20.29,71.45,53.05,success
2026-07-30,2026-07-30 12:00:14,Thursday,baseline,home_to_office,"Banashankari, Bengaluru","Electronic City, Bengaluru","Banashankari, Bengaluru","Electronic City, Bengaluru",34.14,47.52,47.9,success
2026-07-30,2026-07-30 12:00:14,Thursday,baseline,home_to_office,"Banashankari, Bengaluru","International Tech Park Bangalore, Bengaluru","Banashankari, Bengaluru","International Tech Park Bangalore, Bengaluru",28.21,99.1,69.15,success
2026-07-30,2026-07-30 12:00:14,Thursday,baseline,home_to_office,"Banashankari, Bengaluru","Bagmane Tech Park, Bengaluru","Banashankari, Bengaluru","Bagmane Tech Park, Bengaluru",16.64,70.07,55.68,success
2026-07-30,2026-07-30 12:00:14,Thursday,baseline,home_to_office,"Banashankari, Bengaluru","RMZ Ecoworld, Bengaluru","Banashankari, Bengaluru","RMZ Ecoworld, Bengaluru",18.56,65.47,44.97,success
2026-07-30,2026-07-30 12:00:14,Thursday,baseline,home_to_office,"Banashankari, Bengaluru","Embassy TechVillage, Bengaluru","Banashankari, Bengaluru","Embassy TechVillage, Bengaluru",20.45,73.87,48.97,success
2026-07-30,2026-07-30 12:00:14,Thursday,baseline,home_to_office,"Banashankari, Bengaluru","Global Village Tech Park, Bengaluru","Banashankari, Bengaluru","Global Village Tech Park, Bengaluru",9.6,27.2,26.03,success
2026-07-30,2026-07-30 12:00:14,Thursday,baseline,home_to_office,"Banashankari, Bengaluru","Prestige Tech Park, Bengaluru","Banashankari, Bengaluru","Prestige Tech Park, Bengaluru",19.0,67.55,46.08,success
2026-07-30,2026-07-30 12:00:15,Thursday,baseline,home_to_office,"Banashankari, Bengaluru","Embassy GolfLinks Business Park, Bengaluru","Banashankari, Bengaluru","Embassy GolfLinks Business Park, Bengaluru",16.0,57.82,49.38,success
2026-07-30,2026-07-30 12:00:15,Thursday,baseline,home_to_office,"Banashankari, Bengaluru","Cessna Business Park, Bengaluru","Banashankari, Bengaluru","Cessna Business Park, Bengaluru",19.37,68.9,45.05,success
2026-07-30,2026-07-30 12:00:15,Thursday,baseline,home_to_office,"Koramangala, Bengaluru","Manyata Tech Park, Bengaluru","Koramangala, Bengaluru","Manyata Tech Park, Bengaluru",18.27,58.6,45.03,success
2026-07-30,2026-07-30 12:00:15,Thursday,baseline,home_to_office,"Koramangala, Bengaluru","Electronic City, Bengaluru","Koramangala, Bengaluru","Electronic City, Bengaluru",13.6,31.02,24.95,success
2026-07-30,2026-07-30 12:00:15,Thursday,baseline,home_to_office,"Koramangala, Bengaluru","International Tech Park Bangalore, Bengaluru","Koramangala, Bengaluru","International Tech Park Bangalore, Bengaluru",18.15,60.62,46.27,success
2026-07-30,2026-07-30 12:00:15,Thursday,baseline,home_to_office,"Koramangala, Bengaluru","Bagmane Tech Park, Bengaluru","Koramangala, Bengaluru","Bagmane Tech Park, Bengaluru",10.68,32.17,26.3,success
2026-07-30,2026-07-30 12:00:15,Thursday,baseline,home_to_office,"Koramangala, Bengaluru","RMZ Ecoworld, Bengaluru","Koramangala, Bengaluru","RMZ Ecoworld, Bengaluru",8.81,29.8,22.13,success
2026-07-30,2026-07-30 12:00:15,Thursday,baseline,home_to_office,"Koramangala, Bengaluru","Embassy TechVillage, Bengaluru","Koramangala, Bengaluru","Embassy TechVillage, Bengaluru",10.7,37.5,26.12,success
2026-07-30,2026-07-30 12:00:16,Thursday,baseline,home_to_office,"Koramangala, Bengaluru","Global Village Tech Park, Bengaluru","Koramangala, Bengaluru","Global Village Tech Park, Bengaluru",20.74,68.15,55.7,success
2026-07-30,2026-07-30 12:00:16,Thursday,baseline,home_to_office,"Koramangala, Bengaluru","Prestige Tech Park, Bengaluru","Koramangala, Bengaluru","Prestige Tech Park, Bengaluru",9.25,32.4,23.25,success
2026-07-30,2026-07-30 12:00:16,Thursday,baseline,home_to_office,"Koramangala, Bengaluru","Embassy GolfLinks Business Park, Bengaluru","Koramangala, Bengaluru","Embassy GolfLinks Business Park, Bengaluru",5.33,14.63,13.7,success
2026-07-30,2026-07-30 12:00:16,Thursday,baseline,home_to_office,"Koramangala, Bengaluru","Cessna Business Park, Bengaluru","Koramangala, Bengaluru","Cessna Business Park, Bengaluru",9.61,33.07,22.22,success
2026-07-30,2026-07-30 12:00:16,Thursday,baseline,home_to_office,"HSR Layout, Bengaluru","Manyata Tech Park, Bengaluru","HSR Layout, Bengaluru","Manyata Tech Park, Bengaluru",26.46,67.25,49.72,success
2026-07-30,2026-07-30 12:00:16,Thursday,baseline,home_to_office,"HSR Layout, Bengaluru","Electronic City, Bengaluru","HSR Layout, Bengaluru","Electronic City, Bengaluru",9.99,29.68,25.73,success
2026-07-30,2026-07-30 12:00:16,Thursday,baseline,home_to_office,"HSR Layout, Bengaluru","International Tech Park Bangalore, Bengaluru","HSR Layout, Bengaluru","International Tech Park Bangalore, Bengaluru",17.74,63.55,42.68,success
2026-07-30,2026-07-30 12:00:16,Thursday,baseline,home_to_office,"HSR Layout, Bengaluru","Bagmane Tech Park, Bengaluru","HSR Layout, Bengaluru","Bagmane Tech Park, Bengaluru",14.72,49.45,40.12,success
2026-07-30,2026-07-30 12:00:16,Thursday,baseline,home_to_office,"HSR Layout, Bengaluru","RMZ Ecoworld, Bengaluru","HSR Layout, Bengaluru","RMZ Ecoworld, Bengaluru",8.1,29.03,18.5,success
2026-07-30,2026-07-30 12:00:16,Thursday,baseline,home_to_office,"HSR Layout, Bengaluru","Embassy TechVillage, Bengaluru","HSR Layout, Bengaluru","Embassy TechVillage, Bengaluru",9.98,36.73,22.48,success
2026-07-30,2026-07-30 12:00:17,Thursday,baseline,home_to_office,"HSR Layout, Bengaluru","Global Village Tech Park, Bengaluru","HSR Layout, Bengaluru","Global Village Tech Park, Bengaluru",19.01,59.3,51.92,success
2026-07-30,2026-07-30 12:00:17,Thursday,baseline,home_to_office,"HSR Layout, Bengaluru","Prestige Tech Park, Bengaluru","HSR Layout, Bengaluru","Prestige Tech Park, Bengaluru",8.53,31.63,19.62,success
2026-07-30,2026-07-30 12:00:17,Thursday,baseline,home_to_office,"HSR Layout, Bengaluru","Embassy GolfLinks Business Park, Bengaluru","HSR Layout, Bengaluru","Embassy GolfLinks Business Park, Bengaluru",9.37,32.87,27.53,success
2026-07-30,2026-07-30 12:00:17,Thursday,baseline,home_to_office,"HSR Layout, Bengaluru","Cessna Business Park, Bengaluru","HSR Layout, Bengaluru","Cessna Business Park, Bengaluru",8.9,32.3,18.58,success
2026-07-30,2026-07-30 12:00:17,Thursday,baseline,home_to_office,"Whitefield, Bengaluru","Manyata Tech Park, Bengaluru","Whitefield, Bengaluru","Manyata Tech Park, Bengaluru",21.42,56.87,48.88,success
2026-07-30,2026-07-30 12:00:17,Thursday,baseline,home_to_office,"Whitefield, Bengaluru","Electronic City, Bengaluru","Whitefield, Bengaluru","Electronic City, Bengaluru",27.92,67.93,57.22,success
2026-07-30,2026-07-30 12:00:17,Thursday,baseline,home_to_office,"Whitefield, Bengaluru","International Tech Park Bangalore, Bengaluru","Whitefield, Bengaluru","International Tech Park Bangalore, Bengaluru",3.38,9.43,9.97,success
2026-07-30,2026-07-30 12:00:17,Thursday,baseline,home_to_office,"Whitefield, Bengaluru","Bagmane Tech Park, Bengaluru","Whitefield, Bengaluru","Bagmane Tech Park, Bengaluru",13.99,44.12,36.67,success
2026-07-30,2026-07-30 12:00:17,Thursday,baseline,home_to_office,"Whitefield, Bengaluru","RMZ Ecoworld, Bengaluru","Whitefield, Bengaluru","RMZ Ecoworld, Bengaluru",11.15,37.17,29.3,success
2026-07-30,2026-07-30 12:00:17,Thursday,baseline,home_to_office,"Whitefield, Bengaluru","Embassy TechVillage, Bengaluru","Whitefield, Bengaluru","Embassy TechVillage, Bengaluru",10.01,34.35,27.48,success
2026-07-30,2026-07-30 12:00:18,Thursday,baseline,home_to_office,"Whitefield, Bengaluru","Global Village Tech Park, Bengaluru","Whitefield, Bengaluru","Global Village Tech Park, Bengaluru",33.63,97.77,83.47,success
2026-07-30,2026-07-30 12:00:18,Thursday,baseline,home_to_office,"Whitefield, Bengaluru","Prestige Tech Park, Bengaluru","Whitefield, Bengaluru","Prestige Tech Park, Bengaluru",9.13,33.67,25.48,success
2026-07-30,2026-07-30 12:00:18,Thursday,baseline,home_to_office,"Whitefield, Bengaluru","Embassy GolfLinks Business Park, Bengaluru","Whitefield, Bengaluru","Embassy GolfLinks Business Park, Bengaluru",14.26,49.67,38.07,success
2026-07-30,2026-07-30 12:00:18,Thursday,baseline,home_to_office,"Whitefield, Bengaluru","Cessna Business Park, Bengaluru","Whitefield, Bengaluru","Cessna Business Park, Bengaluru",8.92,29.93,23.58,success
2026-07-30,2026-07-30 12:00:18,Thursday,baseline,home_to_office,"Marathahalli, Bengaluru","Manyata Tech Park, Bengaluru","Marathahalli, Bengaluru","Manyata Tech Park, Bengaluru",16.0,33.6,29.4,success
2026-07-30,2026-07-30 12:00:18,Thursday,baseline,home_to_office,"Marathahalli, Bengaluru","Electronic City, Bengaluru","Marathahalli, Bengaluru","Electronic City, Bengaluru",23.85,51.25,42.52,success
2026-07-30,2026-07-30 12:00:18,Thursday,baseline,home_to_office,"Marathahalli, Bengaluru","International Tech Park Bangalore, Bengaluru","Marathahalli, Bengaluru","International Tech Park Bangalore, Bengaluru",10.7,28.78,25.77,success
2026-07-30,2026-07-30 12:00:18,Thursday,baseline,home_to_office,"Marathahalli, Bengaluru","Bagmane Tech Park, Bengaluru","Marathahalli, Bengaluru","Bagmane Tech Park, Bengaluru",7.59,21.12,19.3,success
2026-07-30,2026-07-30 12:00:18,Thursday,baseline,home_to_office,"Marathahalli, Bengaluru","RMZ Ecoworld, Bengaluru","Marathahalli, Bengaluru","RMZ Ecoworld, Bengaluru",7.07,19.38,14.58,success
2026-07-30,2026-07-30 12:00:18,Thursday,baseline,home_to_office,"Marathahalli, Bengaluru","Embassy TechVillage, Bengaluru","Marathahalli, Bengaluru","Embassy TechVillage, Bengaluru",5.93,16.6,12.78,success
2026-07-30,2026-07-30 12:00:18,Thursday,baseline,home_to_office,"Marathahalli, Bengaluru","Global Village Tech Park, Bengaluru","Marathahalli, Bengaluru","Global Village Tech Park, Bengaluru",29.56,80.85,68.75,success
2026-07-30,2026-07-30 12:00:19,Thursday,baseline,home_to_office,"Marathahalli, Bengaluru","Prestige Tech Park, Bengaluru","Marathahalli, Bengaluru","Prestige Tech Park, Bengaluru",5.06,16.62,11.2,success
2026-07-30,2026-07-30 12:00:19,Thursday,baseline,home_to_office,"Marathahalli, Bengaluru","Embassy GolfLinks Business Park, Bengaluru","Marathahalli, Bengaluru","Embassy GolfLinks Business Park, Bengaluru",7.87,25.8,20.7,success
2026-07-30,2026-07-30 12:00:19,Thursday,baseline,home_to_office,"Marathahalli, Bengaluru","Cessna Business Park, Bengaluru","Marathahalli, Bengaluru","Cessna Business Park, Bengaluru",4.85,12.38,8.87,success
2026-07-30,2026-07-30 12:00:19,Thursday,baseline,home_to_office,"Hebbal, Bengaluru","Manyata Tech Park, Bengaluru","Hebbal, Bengaluru","Manyata Tech Park, Bengaluru",3.66,20.7,14.27,success
2026-07-30,2026-07-30 12:00:19,Thursday,baseline,home_to_office,"Hebbal, Bengaluru","Electronic City, Bengaluru","Hebbal, Bengaluru","Electronic City, Bengaluru",27.57,91.2,65.52,success
2026-07-30,2026-07-30 12:00:19,Thursday,baseline,home_to_office,"Hebbal, Bengaluru","International Tech Park Bangalore, Bengaluru","Hebbal, Bengaluru","International Tech Park Bangalore, Bengaluru",19.97,87.9,49.97,success
2026-07-30,2026-07-30 12:00:19,Thursday,baseline,home_to_office,"Hebbal, Bengaluru","Bagmane Tech Park, Bengaluru","Hebbal, Bengaluru","Bagmane Tech Park, Bengaluru",14.65,62.65,43.42,success
2026-07-30,2026-07-30 12:00:19,Thursday,baseline,home_to_office,"Hebbal, Bengaluru","RMZ Ecoworld, Bengaluru","Hebbal, Bengaluru","RMZ Ecoworld, Bengaluru",23.11,88.72,50.93,success
2026-07-30,2026-07-30 12:00:19,Thursday,baseline,home_to_office,"Hebbal, Bengaluru","Embassy TechVillage, Bengaluru","Hebbal, Bengaluru","Embassy TechVillage, Bengaluru",21.97,86.02,49.12,success
2026-07-30,2026-07-30 12:00:19,Thursday,baseline,home_to_office,"Hebbal, Bengaluru","Global Village Tech Park, Bengaluru","Hebbal, Bengaluru","Global Village Tech Park, Bengaluru",26.78,76.5,58.48,success
2026-07-30,2026-07-30 12:00:20,Thursday,baseline,home_to_office,"Hebbal, Bengaluru","Prestige Tech Park, Bengaluru","Hebbal, Bengaluru","Prestige Tech Park, Bengaluru",21.1,84.53,47.55,success
2026-07-30,2026-07-30 12:00:20,Thursday,baseline,home_to_office,"Hebbal, Bengaluru","Embassy GolfLinks Business Park, Bengaluru","Hebbal, Bengaluru","Embassy GolfLinks Business Park, Bengaluru",16.03,63.77,41.62,success
2026-07-30,2026-07-30 12:00:20,Thursday,baseline,home_to_office,"Hebbal, Bengaluru","Cessna Business Park, Bengaluru","Hebbal, Bengaluru","Cessna Business Park, Bengaluru",20.89,80.97,45.22,success
2026-07-30,2026-07-30 12:00:20,Thursday,baseline,home_to_office,"Yelahanka, Bengaluru","Manyata Tech Park, Bengaluru","Yelahanka, Bengaluru","Manyata Tech Park, Bengaluru",14.31,29.1,26.45,success
2026-07-30,2026-07-30 12:00:20,Thursday,baseline,home_to_office,"Yelahanka, Bengaluru","Electronic City, Bengaluru","Yelahanka, Bengaluru","Electronic City, Bengaluru",38.91,101.8,76.05,success
2026-07-30,2026-07-30 12:00:20,Thursday,baseline,home_to_office,"Yelahanka, Bengaluru","International Tech Park Bangalore, Bengaluru","Yelahanka, Bengaluru","International Tech Park Bangalore, Bengaluru",38.72,76.8,68.73,success
2026-07-30,2026-07-30 12:00:20,Thursday,baseline,home_to_office,"Yelahanka, Bengaluru","Bagmane Tech Park, Bengaluru","Yelahanka, Bengaluru","Bagmane Tech Park, Bengaluru",25.98,73.62,53.95,success
2026-07-30,2026-07-30 12:00:20,Thursday,baseline,home_to_office,"Yelahanka, Bengaluru","RMZ Ecoworld, Bengaluru","Yelahanka, Bengaluru","RMZ Ecoworld, Bengaluru",34.95,98.5,59.0,success
2026-07-30,2026-07-30 12:00:20,Thursday,baseline,home_to_office,"Yelahanka, Bengaluru","Embassy TechVillage, Bengaluru","Yelahanka, Bengaluru","Embassy TechVillage, Bengaluru",33.82,95.8,57.2,success
2026-07-30,2026-07-30 12:00:21,Thursday,baseline,home_to_office,"Yelahanka, Bengaluru","Global Village Tech Park, Bengaluru","Yelahanka, Bengaluru","Global Village Tech Park, Bengaluru",35.86,83.0,65.2,success
2026-07-30,2026-07-30 12:00:21,Thursday,baseline,home_to_office,"Yelahanka, Bengaluru","Prestige Tech Park, Bengaluru","Yelahanka, Bengaluru","Prestige Tech Park, Bengaluru",32.94,94.3,55.62,success
2026-07-30,2026-07-30 12:00:21,Thursday,baseline,home_to_office,"Yelahanka, Bengaluru","Embassy GolfLinks Business Park, Bengaluru","Yelahanka, Bengaluru","Embassy GolfLinks Business Park, Bengaluru",27.36,74.8,52.13,success
2026-07-30,2026-07-30 12:00:21,Thursday,baseline,home_to_office,"Yelahanka, Bengaluru","Cessna Business Park, Bengaluru","Yelahanka, Bengaluru","Cessna Business Park, Bengaluru",32.73,90.7,53.28,success
2026-07-30,2026-07-30 12:00:21,Thursday,baseline,home_to_office,"Rajajinagar, Bengaluru","Manyata Tech Park, Bengaluru","Rajajinagar, Bengaluru","Manyata Tech Park, Bengaluru",13.2,45.68,30.53,success
2026-07-30,2026-07-30 12:00:21,Thursday,baseline,home_to_office,"Rajajinagar, Bengaluru","Electronic City, Bengaluru","Rajajinagar, Bengaluru","Electronic City, Bengaluru",40.39,61.65,60.27,success
2026-07-30,2026-07-30 12:00:21,Thursday,baseline,home_to_office,"Rajajinagar, Bengaluru","International Tech Park Bangalore, Bengaluru","Rajajinagar, Bengaluru","International Tech Park Bangalore, Bengaluru",23.15,90.75,66.92,success
2026-07-30,2026-07-30 12:00:21,Thursday,baseline,home_to_office,"Rajajinagar, Bengaluru","Bagmane Tech Park, Bengaluru","Rajajinagar, Bengaluru","Bagmane Tech Park, Bengaluru",14.03,58.85,43.8,success
2026-07-30,2026-07-30 12:00:21,Thursday,baseline,home_to_office,"Rajajinagar, Bengaluru","RMZ Ecoworld, Bengaluru","Rajajinagar, Bengaluru","RMZ Ecoworld, Bengaluru",21.83,86.48,60.15,success
2026-07-30,2026-07-30 12:00:22,Thursday,baseline,home_to_office,"Rajajinagar, Bengaluru","Embassy TechVillage, Bengaluru","Rajajinagar, Bengaluru","Embassy TechVillage, Bengaluru",25.16,88.88,66.08,success
2026-07-30,2026-07-30 12:00:22,Thursday,baseline,home_to_office,"Rajajinagar, Bengaluru","Global Village Tech Park, Bengaluru","Rajajinagar, Bengaluru","Global Village Tech Park, Bengaluru",14.68,38.28,36.67,success
2026-07-30,2026-07-30 12:00:22,Thursday,baseline,home_to_office,"Rajajinagar, Bengaluru","Prestige Tech Park, Bengaluru","Rajajinagar, Bengaluru","Prestige Tech Park, Bengaluru",24.28,87.38,64.5,success
2026-07-30,2026-07-30 12:00:22,Thursday,baseline,home_to_office,"Rajajinagar, Bengaluru","Embassy GolfLinks Business Park, Bengaluru","Rajajinagar, Bengaluru","Embassy GolfLinks Business Park, Bengaluru",14.21,55.6,40.7,success
2026-07-30,2026-07-30 12:00:22,Thursday,baseline,home_to_office,"Rajajinagar, Bengaluru","Cessna Business Park, Bengaluru","Rajajinagar, Bengaluru","Cessna Business Park, Bengaluru",24.07,83.82,62.18,success
